code,name,mhdi
1001,Aguascalientes,0.800165557
1002,Asientos,0.699479796
1003,Calvillo,0.72062606
1004,Cosío,0.732866895
1005,Jesús María,0.75069447
1006,Pabellón de Arteaga,0.773410478
1007,Rincón de Romos,0.749542898
1008,San José de Gracia,0.723527653
1009,Tepezalá,0.724432172
1010,El Llano,0.66954136
1011,San Francisco de los Romo,0.74768759
2001,Ensenada,0.782655763
2002,Mexicali,0.824228446
2003,Tecate,0.781877001
2004,Tijuana,0.797038601
2005,Playas de Rosarito,0.751288553
3001,Comondú,0.744578041
3002,Mulegé,0.714074039
3003,La Paz,0.804437222
3008,Los Cabos,0.782692542
3009,Loreto,0.695942615
4001,Calkiní,0.672303471
4002,Campeche,0.768911484
4003,Carmen,0.727039108
4004,Champotón,0.638761633
4005,Hecelchakán,0.672654995
4006,Hopelchén,0.599047196
4007,Palizada,0.659471743
4008,Tenabo,0.630984397
4009,Escárcega,0.62992075
4010,Calakmul,0.527841675
4011,Candelaria,0.600315574
5001,Abasolo,0.726236505
5002,Acuña,0.762642126
5003,Allende,0.746354316
5004,Arteaga,0.685815591
5005,Candela,0.700917167
5006,Castaños,0.771436394
5007,Cuatro Ciénegas,0.726819405
5008,Escobedo,0.71251279
5009,Francisco I. Madero,0.752716589
5010,Frontera,0.774619437
5011,General Cepeda,0.646410739
5012,Guerrero,0.674991169
5013,Hidalgo,0.700395238
5014,Jiménez,0.675549848
5015,Juárez,0.773101411
5016,Lamadrid,0.782163663
5017,Matamoros,0.744244995
5018,Monclova,0.808351455
5019,Morelos,0.724485628
5020,Múzquiz,0.746490199
5021,Nadadores,0.75645346
5022,Nava,0.752449664
5023,Ocampo,0.673719098
5024,Parras,0.763561323
5025,Piedras Negras,0.80006734
5026,Progreso,0.737796504
5027,Ramos Arizpe,0.779337371
5028,Sabinas,0.779865249
5029,Sacramento,0.766197247
5030,Saltillo,0.806155653
5031,San Buenaventura,0.798379068
5032,San Juan de Sabinas,0.80136358
5033,San Pedro,0.71702611
5034,Sierra Mojada,0.717495932
5035,Torreón,0.814647547
5036,Viesca,0.66558865
5037,Villa Unión,0.719856821
5038,Zaragoza,0.731007349
6001,Armería,0.666625878
6002,Colima,0.812693629
6003,Comala,0.696694273
6004,Coquimatlán,0.71625883
6005,Cuauhtémoc,0.819562959
6006,Ixtlahuacán,0.661075243
6007,Manzanillo,0.758592936
6008,Minatitlán,0.740524548
6009,Tecomán,0.694148162
6010,Villa de Álvarez,0.827725537
7001,Acacoyagua,0.570859469
7002,Acala,0.594150631
7003,Acapetahua,0.562763972
7004,Altamirano,0.507174108
7005,Amatán,0.492578995
7006,Amatenango de la Frontera,0.561632787
7007,Amatenango del Valle,0.439706981
7008,Angel Albino Corzo,0.570071854
7009,Arriaga,0.65772958
7010,Bejucal de Ocampo,0.530721579
7011,Bella Vista,0.5553747
7012,Berriozábal,0.599477591
7013,Bochil,0.588130481
7014,El Bosque,0.4921078
7015,Cacahoatán,0.647028091
7016,Catazajá,0.640367187
7017,Cintalapa,0.643729506
7018,Coapilla,0.519899978
7019,Comitán de Domínguez,0.666288324
7020,La Concordia,0.556129653
7021,Copainalá,0.63153244
7022,Chalchihuitán,0.384952864
7023,Chamula,0.387730225
7024,Chanal,0.506865803
7025,Chapultenango,0.545984956
7026,Chenalhó,0.457074874
7027,Chiapa de Corzo,0.666569197
7028,Chiapilla,0.568608067
7029,Chicoasén,0.604317213
7030,Chicomuselo,0.540495889
7031,Chilón,0.464188304
7032,Escuintla,0.59886074
7033,Francisco León,0.494058507
7034,Frontera Comalapa,0.622963484
7035,Frontera Hidalgo,0.616225929
7036,La Grandeza,0.543590828
7037,Huehuetán,0.612943464
7038,Huixtán,0.480251364
7039,Huitiupán,0.489187445
7040,Huixtla,0.672302499
7041,La Independencia,0.533062657
7042,Ixhuatán,0.535431882
7043,Ixtacomitán,0.563034344
7044,Ixtapa,0.581582993
7045,Ixtapangajoya,0.514320137
7046,Jiquipilas,0.65262445
7047,Jitotol,0.511180944
7048,Juárez,0.660254124
7049,Larráinzar,0.465010111
7050,La Libertad,0.613498054
7051,Mapastepec,0.617985691
7052,Las Margaritas,0.524209668
7053,Mazapa de Madero,0.586869578
7054,Mazatán,0.574235123
7055,Metapa,0.618903254
7056,Mitontic,0.402057183
7057,Motozintla,0.595492783
7058,Nicolás Ruíz,0.558694913
7059,Ocosingo,0.575559447
7060,Ocotepec,0.4672598
7061,Ocozocoautla de Espinosa,0.581342582
7062,Ostuacán,0.535806381
7063,Osumacinta,0.61347222
7064,Oxchuc,0.530993786
7065,Palenque,0.598825815
7066,Pantelhó,0.422207088
7067,Pantepec,0.510392873
7068,Pichucalco,0.646896246
7069,Pijijiapan,0.584454041
7070,El Porvenir,0.559800439
7071,Villa Comaltitlán,0.57879642
7072,Pueblo Nuevo Solistahuacán,0.513872283
7073,Rayón,0.547391939
7074,Reforma,0.678872749
7075,Las Rosas,0.504443636
7076,Sabanilla,0.484765384
7077,Salto de Agua,0.518069581
7078,San Cristóbal de las Casas,0.686268298
7079,San Fernando,0.611759087
7080,Siltepec,0.545450807
7081,Simojovel,0.519056557
7082,Sitalá,0.362829886
7083,Socoltenango,0.540765913
7084,Solosuchiapa,0.562632001
7085,Soyaló,0.575062737
7086,Suchiapa,0.644356916
7087,Suchiate,0.57251694
7088,Sunuapa,0.540016697
7089,Tapachula,0.683279718
7090,Tapalapa,0.516144847
7091,Tapilula,0.584931898
7092,Tecpatán,0.567011413
7093,Tenejapa,0.520650897
7094,Teopisca,0.512415419
7096,Tila,0.491789538
7097,Tonalá,0.669657959
7098,Totolapa,0.52485141
7099,La Trinitaria,0.560805203
7100,Tumbalá,0.483933313
7101,Tuxtla Gutiérrez,0.767571495
7102,Tuxtla Chico,0.649514423
7103,Tuzantán,0.572760236
7104,Tzimol,0.540374908
7105,Unión Juárez,0.631486783
7106,Venustiano Carranza,0.623959434
7107,Villa Corzo,0.598538955
7108,Villaflores,0.649404768
7109,Yajalón,0.577619079
7110,San Lucas,0.556548372
7111,Zinacantán,0.423317911
7112,San Juan Cancuc,0.435300374
7113,Aldama,0.521162507
7114,Benemérito de las Américas,0.532021942
7115,Maravilla Tenejapa,0.479285738
7116,Marqués de Comillas,0.507671238
7117,Montecristo de Guerrero,0.52108537
7118,San Andrés Duraznal,0.428654576
7119,Santiago el Pinar,0.419339968
8001,Ahumada,0.713211664
8002,Aldama,0.710945603
8003,Allende,0.72952459
8004,Aquiles Serdán,0.75570365
8005,Ascensión,0.666202785
8006,Bachíniva,0.652106141
8007,Balleza,0.442465521
8008,Batopilas,0.354436187
8009,Bocoyna,0.625257763
8010,Buenaventura,0.686070207
8011,Camargo,0.780942434
8012,Carichí,0.517216317
8013,Casas Grandes,0.746426662
8014,Coronado,0.691123008
8015,Coyame del Sotol,0.618785918
8016,La Cruz,0.752342985
8017,Cuauhtémoc,0.79403451
8018,Cusihuiriachi,0.637778038
8019,Chihuahua,0.831546214
8020,Chínipas,0.512621146
8021,Delicias,0.808717516
8022,Dr. Belisario Domínguez,0.687771049
8023,Galeana,0.692957096
8024,Santa Isabel,0.721756949
8025,Gómez Farías,0.698733627
8026,Gran Morelos,0.692195318
8027,Guachochi,0.452539964
8028,Guadalupe,0.770689228
8029,Guadalupe y Calvo,0.430925996
8030,Guazapares,0.452058646
8031,Guerrero,0.643410889
8032,Hidalgo del Parral,0.781194726
8033,Huejotitán,0.629853148
8034,Ignacio Zaragoza,0.710987274
8035,Janos,0.637804563
8036,Jiménez,0.730667579
8037,Juárez,0.76971604
8038,Julimes,0.679825939
8039,López,0.739109188
8040,Madera,0.683889723
8041,Maguarichi,0.44841581
8042,Manuel Benavides,0.630720362
8043,Matachí,0.682624688
8044,Matamoros,0.744367414
8045,Meoqui,0.755064751
8046,Morelos,0.437470899
8047,Moris,0.552708306
8048,Namiquipa,0.696430817
8049,Nonoava,0.598632608
8050,Nuevo Casas Grandes,0.772109278
8051,Ocampo,0.547069442
8052,Ojinaga,0.741078661
8053,Praxedis G. Guerrero,0.729064944
8054,Riva Palacio,0.657495911
8055,Rosales,0.724551729
8056,Rosario,0.686963259
8057,San Francisco de Borja,0.666587094
8058,San Francisco de Conchos,0.757649617
8059,San Francisco del Oro,0.745193838
8060,Santa Bárbara,0.736387908
8061,Satevó,0.691413649
8062,Saucillo,0.694709412
8063,Temósachic,0.622794721
8064,El Tule,0.593666783
8065,Urique,0.481962077
8066,Uruachi,0.461100344
8067,Valle de Zaragoza,0.686333794
9002,Azcapotzalco,0.861568861
9003,Coyoacán,0.870285693
9004,Cuajimalpa de Morelos,0.825121866
9005,Gustavo A. Madero,0.821959532
9006,Iztacalco,0.843726353
9007,Iztapalapa,0.804048541
9008,La Magdalena Contreras,0.819865157
9009,Milpa Alta,0.758167977
9010,Álvaro Obregón,0.823595559
9011,Tláhuac,0.791102272
9012,Tlalpan,0.829399006
9013,Xochimilco,0.798290941
9014,Benito Juárez,0.873800984
9015,Cuauhtémoc,0.828983242
9016,Miguel Hidalgo,0.883091866
9017,Venustiano Carranza,0.790357538
10001,Canatlán,0.736708992
10002,Canelas,0.490385341
10003,Coneto de Comonfort,0.625878248
10004,Cuencamé,0.676155369
10005,Durango,0.787023984
10006,General Simón Bolívar,0.620729973
10007,Gómez Palacio,0.779855999
10008,Guadalupe Victoria,0.731649791
10009,Guanaceví,0.570273603
10010,Hidalgo,0.684776309
10011,Indé,0.653591571
10012,Lerdo,0.772098996
10013,Mapimí,0.680162816
10014,Mezquital,0.400987112
10015,Nazas,0.701141361
10016,Nombre de Dios,0.665344626
10017,Ocampo,0.677759489
10018,El Oro,0.676651979
10019,Otáez,0.472887599
10020,Pánuco de Coronado,0.708528226
10021,Peñón Blanco,0.703058559
10022,Poanas,0.713567886
10023,Pueblo Nuevo,0.540085033
10024,Rodeo,0.715613662
10025,San Bernardo,0.612657518
10026,San Dimas,0.518985695
10027,San Juan de Guadalupe,0.619239194
10028,San Juan del Río,0.728365525
10029,San Luis del Cordero,0.682693137
10030,San Pedro del Gallo,0.653812107
10031,Santa Clara,0.701999961
10032,Santiago Papasquiaro,0.673860202
10033,Súchil,0.701174876
10034,Tamazula,0.482862299
10035,Tepehuanes,0.633399876
10036,Tlahualilo,0.729637051
10037,Topia,0.546239963
10038,Vicente Guerrero,0.720695051
10039,Nuevo Ideal,0.666944816
11001,Abasolo,0.65065558
11002,Acámbaro,0.727657935
11003,San Miguel de Allende,0.646223126
11004,Apaseo el Alto,0.635978867
11005,Apaseo el Grande,0.676473283
11006,Atarjea,0.52459436
11007,Celaya,0.780148043
11008,Manuel Doblado,0.626242329
11009,Comonfort,0.621278648
11010,Coroneo,0.630863655
11011,Cortazar,0.722249701
11012,Cuerámaro,0.627438372
11013,Doctor Mora,0.626420231
11014,Dolores Hidalgo Cuna de la Independencia Nacional,0.678436263
11015,Guanajuato,0.778125996
11016,Huanímaro,0.669776463
11017,Irapuato,0.758753649
11018,Jaral del Progreso,0.701277991
11019,Jerécuaro,0.576807252
11020,León,0.770171482
11021,Moroleón,0.750504714
11022,Ocampo,0.61363401
11023,Pénjamo,0.619058818
11024,Pueblo Nuevo,0.729446876
11025,Purísima del Rincón,0.674088817
11026,Romita,0.637251766
11027,Salamanca,0.769604002
11028,Salvatierra,0.701251247
11029,San Diego de la Unión,0.56190103
11030,San Felipe,0.567637503
11031,San Francisco del Rincón,0.721537017
11032,San José Iturbide,0.717626375
11033,San Luis de la Paz,0.658945922
11034,Santa Catarina,0.653923099
11035,Santa Cruz de Juventino Rosas,0.636582773
11036,Santiago Maravatío,0.668739695
11037,Silao,0.694886275
11038,Tarandacuao,0.669561207
11039,Tarimoro,0.667374197
11040,Tierra Blanca,0.594422015
11041,Uriangato,0.717699504
11042,Valle de Santiago,0.691016766
11043,Victoria,0.643094172
11044,Villagrán,0.714116477
11045,Xichú,0.526213065
11046,Yuriria,0.689778923
12001,Acapulco de Juárez,0.703863011
12002,Ahuacuotzingo,0.438377545
12003,Ajuchitlán del Progreso,0.52913338
12004,Alcozauca de Guerrero,0.356065909
12005,Alpoyeca,0.627343676
12006,Apaxtla,0.592270245
12007,Arcelia,0.657050326
12008,Atenango del Río,0.527157163
12009,Atlamajalcingo del Monte,0.397635631
12010,Atlixtac,0.381857266
12011,Atoyac de Álvarez,0.626055486
12012,Ayutla de los Libres,0.415188217
12013,Azoyú,0.565982765
12014,Benito Juárez,0.727997586
12015,Buenavista de Cuéllar,0.715868541
12016,Coahuayutla de José María Izazaga,0.398035614
12017,Cocula,0.627316464
12018,Copala,0.575214126
12019,Copalillo,0.400756344
12020,Copanatoyac,0.357681116
12021,Coyuca de Benítez,0.569708937
12022,Coyuca de Catalán,0.556456145
12023,Cuajinicuilapa,0.566881745
12024,Cualác,0.578955348
12025,Cuautepec,0.525115147
12026,Cuetzala del Progreso,0.518619794
12027,Cutzamala de Pinzón,0.581883311
12028,Chilapa de Álvarez,0.462109542
12029,Chilpancingo de los Bravo,0.729458715
12030,Florencio Villarreal,0.585458444
12031,General Canuto A. Neri,0.543698419
12032,General Heliodoro Castillo,0.459381914
12033,Huamuxtitlán,0.657383884
12034,Huitzuco de los Figueroa,0.660287942
12035,Iguala de la Independencia,0.723345022
12036,Igualapa,0.516919832
12037,Ixcateopan de Cuauhtémoc,0.565602189
12038,Zihuatanejo de Azueta,0.683911046
12039,Juan R. Escudero,0.606272118
12040,Leonardo Bravo,0.542077362
12041,Malinaltepec,0.419158723
12042,Mártir de Cuilapan,0.493368642
12043,Metlatónoc,0.304091229
12044,Mochitlán,0.62281077
12045,Olinalá,0.509794191
12046,Ometepec,0.573315612
12047,Pedro Ascencio Alquisiras,0.438614461
12048,Petatlán,0.628993407
12049,Pilcaya,0.609503166
12050,Pungarabato,0.736639848
12051,Quechultenango,0.517796413
12052,San Luis Acatlán,0.439753653
12053,San Marcos,0.576301034
12054,San Miguel Totolapan,0.438708786
12055,Taxco de Alarcón,0.715666098
12056,Tecoanapa,0.50941833
12057,Técpan de Galeana,0.632688008
12058,Teloloapan,0.616454712
12059,Tepecoacuilco de Trujano,0.609073813
12060,Tetipac,0.588292873
12061,Tixtla de Guerrero,0.595061483
12062,Tlacoachistlahuaca,0.386074504
12063,Tlacoapa,0.418183563
12064,Tlalchapa,0.628297918
12065,Tlalixtaquilla de Maldonado,0.547197868
12066,Tlapa de Comonfort,0.557844891
12067,Tlapehuala,0.643736461
12068,La Unión de Isidoro Montes de Oca,0.545276162
12069,Xalpatláhuac,0.394837391
12070,Xochihuehuetlán,0.539570179
12071,Xochistlahuaca,0.420890912
12072,Zapotitlán Tablas,0.42704462
12073,Zirándaro,0.493617675
12074,Zitlala,0.44074405
12075,Eduardo Neri,0.625031317
12076,Acatepec,0.376508027
12077,Marquelia,0.608969046
12078,Cochoapa el Grande,0.150123489
12079,José Joaquin de Herrera,0.281176549
12080,Juchitán,0.553969447
12081,Iliatenco,0.453059949
13001,Acatlán,0.66015991
13002,Acaxochitlán,0.567656895
13003,Actopan,0.712248204
13004,Agua Blanca de Iturbide,0.587967138
13005,Ajacuba,0.673477717
13006,Alfajayucan,0.62503844
13007,Almoloya,0.670972139
13008,Apan,0.738091026
13009,El Arenal,0.63825456
13010,Atitalaquia,0.772199881
13011,Atlapexco,0.610250667
13012,Atotonilco el Grande,0.691022098
13013,Atotonilco de Tula,0.757425654
13014,Calnali,0.59580015
13015,Cardonal,0.658920084
13016,Cuautepec de Hinojosa,0.644364955
13017,Chapantongo,0.608273053
13018,Chapulhuacán,0.585422235
13019,Chilcuautla,0.67084093
13020,Eloxochitlán,0.574357934
13021,Emiliano Zapata,0.738904513
13022,Epazoyucan,0.719370868
13023,Francisco I. Madero,0.725860332
13024,Huasca de Ocampo,0.642710525
13025,Huautla,0.611227563
13026,Huazalingo,0.553852257
13027,Huehuetla,0.515062213
13028,Huejutla de Reyes,0.652916175
13029,Huichapan,0.694742039
13030,Ixmiquilpan,0.722497377
13031,Jacala de Ledezma,0.654182381
13032,Jaltocán,0.595598099
13033,Juárez Hidalgo,0.623960797
13034,Lolotla,0.608755962
13035,Metepec,0.772662101
13036,San Agustín Metzquititlán,0.691892547
13037,Metztitlán,0.596450791
13038,Mineral del Chico,0.592816457
13039,Mineral del Monte,0.746927448
13040,La Misión,0.497799933
13041,Mixquiahuala de Juárez,0.738820131
13042,Molango de Escamilla,0.670793096
13043,Nicolás Flores,0.583371079
13044,Nopala de Villagrán,0.636171387
13045,Omitlán de Juárez,0.605312441
13046,San Felipe Orizatlán,0.606045713
13047,Pacula,0.543935623
13048,Pachuca de Soto,0.825208637
13049,Pisaflores,0.542775233
13050,Progreso de Obregón,0.756313922
13051,Mineral de la Reforma,0.832823549
13052,San Agustín Tlaxiaca,0.692419789
13053,San Bartolo Tutotepec,0.504484273
13054,San Salvador,0.716302348
13055,Santiago de Anaya,0.665454925
13056,Santiago Tulantepec de Lugo Guerrero,0.7613832
13057,Singuilucan,0.6489496
13058,Tasquillo,0.692441956
13059,Tecozautla,0.615254638
13060,Tenango de Doria,0.578632251
13061,Tepeapulco,0.796254475
13062,Tepehuacán de Guerrero,0.516945048
13063,Tepeji del Río de Ocampo,0.702336197
13064,Tepetitlán,0.685437333
13065,Tetepango,0.688659786
13066,Villa de Tezontepec,0.712418602
13067,Tezontepec de Aldama,0.690808476
13068,Tianguistengo,0.554693471
13069,Tizayuca,0.774960823
13070,Tlahuelilpan,0.731031095
13071,Tlahuiltepa,0.580213716
13072,Tlanalapa,0.795351063
13073,Tlanchinol,0.592526641
13074,Tlaxcoapan,0.711013284
13075,Tolcayuca,0.701815225
13076,Tula de Allende,0.738866485
13077,Tulancingo de Bravo,0.758730232
13078,Xochiatipan,0.512582311
13079,Xochicoatlán,0.603802039
13080,Yahualica,0.545288522
13081,Zacualtipán de Ángeles,0.68506429
13082,Zapotlán de Juárez,0.732882794
13083,Zempoala,0.706405013
13084,Zimapán,0.667942691
14001,Acatic,0.70466636
14002,Acatlán de Juárez,0.750511856
14003,Ahualulco de Mercado,0.763491023
14004,Amacueca,0.72751855
14005,Amatitán,0.720090833
14006,Ameca,0.765581162
14007,San Juanito de Escobedo,0.725191798
14008,Arandas,0.675408454
14009,El Arenal,0.753174036
14010,Atemajac de Brizuela,0.641172723
14011,Atengo,0.662872056
14012,Atenguillo,0.716639384
14013,Atotonilco el Alto,0.707065598
14014,Atoyac,0.699033324
14015,Autlán de Navarro,0.79432557
14016,Ayotlán,0.638591677
14017,Ayutla,0.656090486
14018,La Barca,0.734961885
14019,Bolaños,0.452837693
14020,Cabo Corrientes,0.636289818
14021,Casimiro Castillo,0.70615488
14022,Cihuatlán,0.701250565
14023,Zapotlán el Grande,0.820175636
14024,Cocula,0.72277421
14025,Colotlán,0.758848262
14026,Concepción de Buenos Aires,0.681416817
14027,Cuautitlán de García Barragán,0.551585037
14028,Cuautla,0.750424736
14029,Cuquío,0.640971436
14030,Chapala,0.756103919
14031,Chimaltitán,0.555406083
14032,Chiquilistlán,0.661032854
14033,Degollado,0.675102205
14034,Ejutla,0.703516921
14035,Encarnación de Díaz,0.684314312
14036,Etzatlán,0.763347861
14037,El Grullo,0.777544452
14038,Guachinango,0.660857761
14039,Guadalajara,0.827678063
14040,Hostotipaquillo,0.643560595
14041,Huejúcar,0.702701883
14042,Huejuquilla el Alto,0.642287929
14043,La Huerta,0.676176761
14044,Ixtlahuacán de los Membrillos,0.749151318
14045,Ixtlahuacán del Río,0.666965406
14046,Jalostotitlán,0.697223869
14047,Jamay,0.731931299
14048,Jesús María,0.743826403
14049,Jilotlán de los Dolores,0.59480744
14050,Jocotepec,0.707791935
14051,Juanacatlán,0.774827117
14052,Juchitlán,0.715956395
14053,Lagos de Moreno,0.74250379
14054,El Limón,0.766714106
14055,Magdalena,0.755515357
14056,Santa María del Oro,0.557722748
14057,La Manzanilla de la Paz,0.70580716
14058,Mascota,0.758183951
14059,Mazamitla,0.703852106
14060,Mexticacán,0.699713903
14061,Mezquitic,0.403752365
14062,Mixtlán,0.692811735
14063,Ocotlán,0.752015321
14064,Ojuelos de Jalisco,0.625437292
14065,Pihuamo,0.674005047
14066,Poncitlán,0.675282411
14067,Puerto Vallarta,0.786093759
14068,Villa Purificación,0.642369375
14069,Quitupan,0.613420351
14070,El Salto,0.74392476
14071,San Cristóbal de la Barranca,0.638958351
14072,San Diego de Alejandría,0.692771759
14073,San Juan de los Lagos,0.711783381
14074,San Julián,0.68849772
14075,San Marcos,0.681816936
14076,San Martín de Bolaños,0.64480537
14077,San Martín Hidalgo,0.771720731
14078,San Miguel el Alto,0.687906361
14079,Gómez Farías,0.7195718
14080,San Sebastián del Oeste,0.673319396
14081,Santa María de los Ángeles,0.664771827
14082,Sayula,0.775509967
14083,Tala,0.746235167
14084,Talpa de Allende,0.682835169
14085,Tamazula de Gordiano,0.723014186
14086,Tapalpa,0.661138824
14087,Tecalitlán,0.706830557
14088,Tecolotlán,0.719688423
14089,Techaluta de Montenegro,0.727078199
14090,Tenamaxtlán,0.716590316
14091,Teocaltiche,0.680711609
14092,Teocuitatlán de Corona,0.691404294
14093,Tepatitlán de Morelos,0.754070934
14094,Tequila,0.721213516
14095,Teuchitlán,0.751956764
14096,Tizapán el Alto,0.690682924
14097,Tlajomulco de Zúñiga,0.772725991
14098,Tlaquepaque,0.772262154
14099,Tolimán,0.644572517
14100,Tomatlán,0.649459691
14101,Tonalá,0.766913809
14102,Tonaya,0.736092296
14103,Tonila,0.714673368
14104,Totatiche,0.702961545
14105,Tototlán,0.688032848
14106,Tuxcacuesco,0.643753059
14107,Tuxcueca,0.712686611
14108,Tuxpan,0.732801712
14109,Unión de San Antonio,0.668555119
14110,Unión de Tula,0.745802144
14111,Valle de Guadalupe,0.722627972
14112,Valle de Juárez,0.699738493
14113,San Gabriel,0.700031633
14114,Villa Corona,0.721584932
14115,Villa Guerrero,0.619627917
14116,Villa Hidalgo,0.719610305
14117,Cañadas de Obregón,0.694591247
14118,Yahualica de González Gallo,0.687082936
14119,Zacoalco de Torres,0.730293443
14120,Zapopan,0.838258151
14121,Zapotiltic,0.746409024
14122,Zapotitlán de Vadillo,0.63923257
14123,Zapotlán del Rey,0.696701861
14124,Zapotlanejo,0.711368725
14125,San Ignacio Cerro Gordo,0.687484808
15001,Acambay,0.561298745
15002,Acolman,0.749824303
15003,Aculco,0.602387663
15004,Almoloya de Alquisiras,0.60704754
15005,Almoloya de Juárez,0.676373507
15006,Almoloya del Río,0.751049225
15007,Amanalco,0.562216626
15008,Amatepec,0.610033338
15009,Amecameca,0.71763459
15010,Apaxco,0.69672459
15011,Atenco,0.693406179
15012,Atizapán,0.730663155
15013,Atizapán de Zaragoza,0.81683695
15014,Atlacomulco,0.693664623
15015,Atlautla,0.658071556
15016,Axapusco,0.670999502
15017,Ayapango,0.726933409
15018,Calimaya,0.732756992
15019,Capulhuac,0.775555227
15020,Coacalco de Berriozábal,0.844292676
15021,Coatepec Harinas,0.625068476
15022,Cocotitlán,0.769007283
15023,Coyotepec,0.707934248
15024,Cuautitlán,0.838332803
15025,Chalco,0.726183927
15026,Chapa de Mota,0.590302095
15027,Chapultepec,0.750636209
15028,Chiautla,0.713982019
15029,Chicoloapan,0.765422873
15030,Chiconcuac,0.761744495
15031,Chimalhuacán,0.693729009
15032,Donato Guerra,0.502657963
15033,Ecatepec de Morelos,0.787212733
15034,Ecatzingo,0.622960631
15035,Huehuetoca,0.758436451
15036,Hueypoxtla,0.664114076
15037,Huixquilucan,0.808760871
15038,Isidro Fabela,0.707814844
15039,Ixtapaluca,0.795080673
15040,Ixtapan de la Sal,0.683299507
15041,Ixtapan del Oro,0.547208748
15042,Ixtlahuaca,0.609380415
15043,Xalatlaco,0.6672344
15044,Jaltenco,0.765292261
15045,Jilotepec,0.659330856
15046,Jilotzingo,0.717146406
15047,Jiquipilco,0.613689862
15048,Jocotitlán,0.718217969
15049,Joquicingo,0.667355492
15050,Juchitepec,0.688719689
15051,Lerma,0.714330126
15052,Malinalco,0.621989164
15053,Melchor Ocampo,0.73537758
15054,Metepec,0.801048078
15055,Mexicaltzingo,0.755906305
15056,Morelos,0.605243213
15057,Naucalpan de Juárez,0.790602629
15058,Nezahualcóyotl,0.778936501
15059,Nextlalpan,0.75091337
15060,Nicolás Romero,0.76447391
15061,Nopaltepec,0.71149517
15062,Ocoyoacac,0.764240676
15063,Ocuilan,0.638900144
15064,El Oro,0.616010341
15065,Otumba,0.704659744
15066,Otzoloapan,0.594244173
15067,Otzolotepec,0.665245867
15068,Ozumba,0.684211786
15069,Papalotla,0.80764301
15070,La Paz,0.730519666
15071,Polotitlán,0.653040512
15072,Rayón,0.713777735
15073,San Antonio la Isla,0.731489328
15074,San Felipe del Progreso,0.540887431
15075,San Martín de las Pirámides,0.696991829
15076,San Mateo Atenco,0.742942653
15077,San Simón de Guerrero,0.604464611
15078,Santo Tomás,0.600307173
15079,Soyaniquilpan de Juárez,0.648060498
15080,Sultepec,0.47036602
15081,Tecámac,0.817587153
15082,Tejupilco,0.632971344
15083,Temamatla,0.721643563
15084,Temascalapa,0.691275465
15085,Temascalcingo,0.588430247
15086,Temascaltepec,0.565563431
15087,Temoaya,0.623330788
15088,Tenancingo,0.69470178
15089,Tenango del Aire,0.721083746
15090,Tenango del Valle,0.694835176
15091,Teoloyucan,0.747475249
15092,Teotihuacán,0.759786946
15093,Tepetlaoxtoc,0.735626759
15094,Tepetlixpa,0.689112391
15095,Tepotzotlán,0.729335469
15096,Tequixquiac,0.727869655
15097,Texcaltitlán,0.613480363
15098,Texcalyacac,0.762224797
15099,Texcoco,0.795184342
15100,Tezoyuca,0.704513738
15101,Tianguistenco,0.681654602
15102,Timilpan,0.629850663
15103,Tlalmanalco,0.763670435
15104,Tlalnepantla de Baz,0.803671138
15105,Tlatlaya,0.585169503
15106,Toluca,0.795151487
15107,Tonatico,0.70452192
15108,Tultepec,0.781387536
15109,Tultitlán,0.802185104
15110,Valle de Bravo,0.634243685
15111,Villa de Allende,0.537603962
15112,Villa del Carbón,0.584435546
15113,Villa Guerrero,0.619301854
15114,Villa Victoria,0.533208327
15115,Xonacatlán,0.737425075
15116,Zacazonapan,0.645996633
15117,Zacualpan,0.49126245
15118,Zinacantepec,0.690345448
15119,Zumpahuacán,0.573718251
15120,Zumpango,0.74520008
15121,Cuautitlán Izcalli,0.819236292
15122,Valle de Chalco Solidaridad,0.705548545
15123,Luvianos,0.538116755
15124,San José del Rincón,0.53778826
15125,Tonanitla,0.769679368
16001,Acuitzio,0.655871337
16002,Aguililla,0.615999982
16003,Álvaro Obregón,0.760425641
16004,Angamacutiro,0.68508923
16005,Angangueo,0.674822674
16006,Apatzingán,0.679543611
16007,Aporo,0.625933474
16008,Aquila,0.487355952
16009,Ario,0.650884829
16010,Arteaga,0.644960594
16011,Briseñas,0.704334347
16012,Buenavista,0.639211629
16013,Carácuaro,0.542442118
16014,Coahuayana,0.643464727
16015,Coalcomán de Vázquez Pallares,0.6185131
16016,Coeneo,0.654507383
16017,Contepec,0.590923883
16018,Copándaro,0.66568839
16019,Cotija,0.656095761
16020,Cuitzeo,0.644792635
16021,Charapan,0.577986699
16022,Charo,0.663088206
16023,Chavinda,0.667749932
16024,Cherán,0.666256483
16025,Chilchota,0.62645177
16026,Chinicuila,0.555652273
16027,Chucándiro,0.64967461
16028,Churintzio,0.70866803
16029,Churumuco,0.52668489
16030,Ecuandureo,0.668324518
16031,Epitacio Huerta,0.635457437
16032,Erongarícuaro,0.644710901
16033,Gabriel Zamora,0.634424024
16034,Hidalgo,0.70506433
16035,La Huacana,0.578108074
16036,Huandacareo,0.667110864
16037,Huaniqueo,0.656774892
16038,Huetamo,0.636313629
16039,Huiramba,0.656891509
16040,Indaparapeo,0.648679489
16041,Irimbo,0.6493377
16042,Ixtlán,0.674695087
16043,Jacona,0.689720421
16044,Jiménez,0.704686254
16045,Jiquilpan,0.736439748
16046,Juárez,0.692852721
16047,Jungapeo,0.617717236
16048,Lagunillas,0.662972851
16049,Madero,0.590008281
16050,Maravatío,0.658037659
16051,Marcos Castellanos,0.732948722
16052,Lázaro Cárdenas,0.752791556
16053,Morelia,0.799748427
16054,Morelos,0.664490682
16055,Múgica,0.624208431
16056,Nahuatzen,0.593326785
16057,Nocupétaro,0.51118701
16058,Nuevo Parangaricutiro,0.679615976
16059,Nuevo Urecho,0.594183686
16060,Numarán,0.708788168
16061,Ocampo,0.602039979
16062,Pajacuarán,0.641259177
16063,Panindícuaro,0.60057133
16064,Parácuaro,0.577063917
16065,Paracho,0.646742517
16066,Pátzcuaro,0.685885316
16067,Penjamillo,0.633269663
16068,Peribán,0.69285217
16069,La Piedad,0.742839008
16070,Purépero,0.718426476
16071,Puruándiro,0.66743435
16072,Queréndaro,0.656951616
16073,Quiroga,0.671305798
16074,Cojumatlán de Régules,0.651869383
16075,Los Reyes,0.676924092
16076,Sahuayo,0.7297924
16077,San Lucas,0.59652582
16078,Santa Ana Maya,0.644322986
16079,Salvador Escalante,0.622396976
16080,Senguio,0.625108338
16081,Susupuato,0.504004081
16082,Tacámbaro,0.653202338
16083,Tancítaro,0.602524686
16084,Tangamandapio,0.630955945
16085,Tangancícuaro,0.676360739
16086,Tanhuato,0.677883048
16087,Taretan,0.681391105
16088,Tarímbaro,0.774087161
16089,Tepalcatepec,0.644515733
16090,Tingambato,0.669371245
16091,Tingüindín,0.707493108
16092,Tiquicheo de Nicolás Romero,0.516963623
16093,Tlalpujahua,0.624954745
16094,Tlazazalca,0.632864468
16095,Tocumbo,0.660411254
16096,Tumbiscatío,0.529499416
16097,Turicato,0.526286015
16098,Tuxpan,0.649840414
16099,Tuzantla,0.529307714
16100,Tzintzuntzan,0.668537792
16101,Tzitzio,0.530991231
16102,Uruapan,0.716039342
16103,Venustiano Carranza,0.73664467
16104,Villamar,0.674955731
16105,Vista Hermosa,0.670385474
16106,Yurécuaro,0.691924591
16107,Zacapu,0.760300555
16108,Zamora,0.727825297
16109,Zináparo,0.68060688
16110,Zinapécuaro,0.700012227
16111,Ziracuaretiro,0.62430451
16112,Zitácuaro,0.68158944
16113,José Sixto Verduzco,0.675033019
17001,Amacuzac,0.675714902
17002,Atlatlahucan,0.724808255
17003,Axochiapan,0.689654796
17004,Ayala,0.699097895
17005,Coatlán del Río,0.660016727
17006,Cuautla,0.754024651
17007,Cuernavaca,0.84455442
17008,Emiliano Zapata,0.776700423
17009,Huitzilac,0.739519101
17010,Jantetelco,0.69556944
17011,Jiutepec,0.811413015
17012,Jojutla,0.778518278
17013,Jonacatepec,0.731586934
17014,Mazatepec,0.765082884
17015,Miacatlán,0.654173739
17016,Ocuituco,0.68286662
17017,Puente de Ixtla,0.682665487
17018,Temixco,0.715554816
17019,Tepalcingo,0.652570358
17020,Tepoztlán,0.725904851
17021,Tetecala,0.698847332
17022,Tetela del Volcán,0.653140447
17023,Tlalnepantla,0.635032409
17024,Tlaltizapán,0.714462154
17025,Tlaquiltenango,0.698789292
17026,Tlayacapan,0.735552805
17027,Totolapan,0.633231107
17028,Xochitepec,0.714383803
17029,Yautepec,0.721616182
17030,Yecapixtla,0.688827078
17031,Zacatepec,0.793185205
17032,Zacualpan,0.634959375
17033,Temoac,0.681217582
18001,Acaponeta,0.740959749
18002,Ahuacatlán,0.713741827
18003,Amatlán de Cañas,0.717582949
18004,Compostela,0.739373094
18005,Huajicori,0.53594275
18006,Ixtlán del Río,0.75937574
18007,Jala,0.699171156
18008,Xalisco,0.7984574
18009,Del Nayar,0.313925106
18010,Rosamorada,0.684481589
18011,Ruíz,0.646722588
18012,San Blas,0.680864593
18013,San Pedro Lagunillas,0.743191599
18014,Santa María del Oro,0.662636352
18015,Santiago Ixcuintla,0.677953665
18016,Tecuala,0.741015761
18017,Tepic,0.805652378
18018,Tuxpan,0.721144703
18019,La Yesca,0.508778967
18020,Bahía de Banderas,0.767372935
19001,Abasolo,0.708562091
19002,Agualeguas,0.750294838
19003,Los Aldamas,0.697306422
19004,Allende,0.762735038
19005,Anáhuac,0.741799422
19006,Apodaca,0.818731622
19007,Aramberri,0.645112591
19008,Bustamante,0.707507483
19009,Cadereyta Jiménez,0.770129543
19010,Carmen,0.78777817
19011,Cerralvo,0.756113421
19012,Ciénega de Flores,0.742667897
19013,China,0.731096105
19014,Dr. Arroyo,0.610517602
19015,Dr. Coss,0.681187061
19016,Dr. González,0.711890668
19017,Galeana,0.656375291
19018,García,0.746481699
19019,San Pedro Garza García,0.856112905
19020,Gral. Bravo,0.741863344
19021,Gral. Escobedo,0.791137103
19022,Gral. Terán,0.745328782
19023,Gral. Treviño,0.708911365
19024,Gral. Zaragoza,0.55821942
19025,Gral. Zuazua,0.751537836
19026,Guadalupe,0.807375825
19027,Los Herreras,0.711009222
19028,Higueras,0.723109839
19029,Hualahuises,0.755642124
19030,Iturbide,0.668509971
19031,Juárez,0.768189579
19032,Lampazos de Naranjo,0.725541125
19033,Linares,0.743117708
19034,Marín,0.77318935
19035,Melchor Ocampo,0.799420206
19036,Mier y Noriega,0.603194882
19037,Mina,0.685551007
19038,Montemorelos,0.753275128
19039,Monterrey,0.821938212
19040,Parás,0.786915641
19041,Pesquería,0.679704264
19042,Los Ramones,0.712629436
19043,Rayones,0.613383821
19044,Sabinas Hidalgo,0.799198125
19045,Salinas Victoria,0.666013685
19046,San Nicolás de los Garza,0.870533127
19047,Hidalgo,0.719234152
19048,Santa Catarina,0.800707991
19049,Santiago,0.800218868
19050,Vallecillo,0.682859774
19051,Villaldama,0.76236441
20001,Abejones,0.454488371
20002,Acatlán de Pérez Figueroa,0.582705724
20003,Asunción Cacalotepec,0.51484257
20004,Asunción Cuyotepeji,0.658954581
20005,Asunción Ixtaltepec,0.701406419
20006,Asunción Nochixtlán,0.67697815
20007,Asunción Ocotlán,0.509579304
20008,Asunción Tlacolulita,0.638703995
20009,Ayotzintepec,0.582812611
20010,El Barrio de la Soledad,0.72608806
20011,Calihualá,0.568015622
20012,Candelaria Loxicha,0.502475925
20013,Ciénega de Zimatlán,0.698875503
20014,Ciudad Ixtepec,0.753246331
20015,Coatecas Altas,0.46541711
20016,Coicoyán de las Flores,0.363373308
20017,La Compañía,0.52740567
20018,Concepción Buenavista,0.567458812
20019,Concepción Pápalo,0.55843487
20020,Constancia del Rosario,0.554404944
20021,Cosolapa,0.645299535
20022,Cosoltepec,0.637840433
20023,Cuilápam de Guerrero,0.665873789
20024,Cuyamecalco Villa de Zaragoza,0.501152803
20025,Chahuites,0.619751448
20026,Chalcatongo de Hidalgo,0.581029855
20027,Chiquihuitlán de Benito Juárez,0.470713276
20028,Heroica Ciudad de Ejutla de Crespo,0.593064108
20029,Eloxochitlán de Flores Magón,0.442416961
20030,El Espinal,0.823419973
20031,Tamazulápam del Espíritu Santo,0.515412233
20032,Fresnillo de Trujano,0.54626493
20033,Guadalupe Etla,0.741404985
20034,Guadalupe de Ramírez,0.639917266
20035,Guelatao de Juárez,0.839340001
20036,Guevea de Humboldt,0.535967457
20037,Mesones Hidalgo,0.502971307
20038,Villa Hidalgo,0.63925791
20039,Heroica Ciudad de Huajuapan de León,0.745486657
20040,Huautepec,0.442096587
20041,Huautla de Jiménez,0.53537542
20042,Ixtlán de Juárez,0.627754064
20043,Heroica Ciudad de Juchitán de Zaragoza,0.694236244
20044,Loma Bonita,0.645968003
20045,Magdalena Apasco,0.778011584
20046,Magdalena Jaltepec,0.570527162
20047,Santa Magdalena Jicotlán,0.742012468
20048,Magdalena Mixtepec,0.485363717
20049,Magdalena Ocotlán,0.609868486
20050,Magdalena Peñasco,0.472622591
20051,Magdalena Teitipac,0.489880106
20052,Magdalena Tequisistlán,0.712194381
20053,Magdalena Tlacotepec,0.669489275
20054,Magdalena Zahuatlán,0.608225354
20055,Mariscala de Juárez,0.614262076
20056,Mártires de Tacubaya,0.617543068
20057,Matías Romero Avendaño,0.686844505
20058,Mazatlán Villa de Flores,0.483635025
20059,Miahuatlán de Porfirio Díaz,0.61948435
20060,Mixistlán de la Reforma,0.536849821
20061,Monjas,0.505886926
20062,Natividad,0.639382262
20063,Nazareno Etla,0.788998972
20064,Nejapa de Madero,0.606947657
20065,Ixpantepec Nieves,0.506290015
20066,Santiago Niltepec,0.622868983
20067,Oaxaca de Juárez,0.79935133
20068,Ocotlán de Morelos,0.676550035
20069,La Pe,0.504055744
20070,Pinotepa de Don Luis,0.54362835
20071,Pluma Hidalgo,0.535663996
20072,San José del Progreso,0.532170107
20073,Putla Villa de Guerrero,0.64822612
20074,Santa Catarina Quioquitani,0.587788964
20075,Reforma de Pineda,0.687031546
20076,La Reforma,0.638966965
20077,Reyes Etla,0.713800353
20078,Rojas de Cuauhtémoc,0.728414369
20079,Salina Cruz,0.752033451
20080,San Agustín Amatengo,0.585228458
20081,San Agustín Atenango,0.544037154
20082,San Agustín Chayuco,0.606125139
20083,San Agustín de las Juntas,0.698917595
20084,San Agustín Etla,0.76184188
20085,San Agustín Loxicha,0.481546914
20086,San Agustín Tlacotepec,0.588638237
20087,San Agustín Yatareni,0.675143678
20088,San Andrés Cabecera Nueva,0.53227209
20089,San Andrés Dinicuiti,0.606343409
20090,San Andrés Huaxpaltepec,0.631783275
20091,San Andrés Huayápam,0.819570772
20092,San Andrés Ixtlahuaca,0.650900672
20093,San Andrés Lagunas,0.644266318
20094,San Andrés Nuxiño,0.495209524
20095,San Andrés Paxtlán,0.466617035
20096,San Andrés Sinaxtla,0.724914422
20097,San Andrés Solaga,0.584713042
20098,San Andrés Teotilálpam,0.511287126
20099,San Andrés Tepetlapa,0.524250457
20100,San Andrés Yaá,0.505379173
20101,San Andrés Zabache,0.532876115
20102,San Andrés Zautla,0.716647145
20103,San Antonino Castillo Velasco,0.609840272
20104,San Antonino el Alto,0.529900257
20105,San Antonino Monte Verde,0.507036478
20106,San Antonio Acutla,0.579529062
20107,San Antonio de la Cal,0.726731936
20108,San Antonio Huitepec,0.553569436
20109,San Antonio Nanahuatípam,0.728169277
20110,San Antonio Sinicahua,0.475094174
20111,San Antonio Tepetlapa,0.509928412
20112,San Baltazar Chichicápam,0.589692923
20113,San Baltazar Loxicha,0.548689696
20114,San Baltazar Yatzachi el Bajo,0.501485231
20115,San Bartolo Coyotepec,0.769001197
20116,San Bartolomé Ayautla,0.429338798
20117,San Bartolomé Loxicha,0.525047106
20118,San Bartolomé Quialana,0.548898917
20119,San Bartolomé Yucuañe,0.557960686
20120,San Bartolomé Zoogocho,0.64262485
20121,San Bartolo Soyaltepec,0.625958825
20122,San Bartolo Yautepec,0.682719762
20123,San Bernardo Mixtepec,0.571509395
20124,San Blas Atempa,0.559006067
20125,San Carlos Yautepec,0.529357729
20126,San Cristóbal Amatlán,0.501597624
20127,San Cristóbal Amoltepec,0.488527093
20128,San Cristóbal Lachirioag,0.632464447
20129,San Cristóbal Suchixtlahuaca,0.678501559
20130,San Dionisio del Mar,0.547758895
20131,San Dionisio Ocotepec,0.559042266
20132,San Dionisio Ocotlán,0.655892886
20133,San Esteban Atatlahuca,0.494498069
20134,San Felipe Jalapa de Díaz,0.494166377
20135,San Felipe Tejalápam,0.620875529
20136,San Felipe Usila,0.54900743
20137,San Francisco Cahuacuá,0.532648251
20138,San Francisco Cajonos,0.707819683
20139,San Francisco Chapulapa,0.445408639
20140,San Francisco Chindúa,0.619536442
20141,San Francisco del Mar,0.591521503
20142,San Francisco Huehuetlán,0.561511077
20143,San Francisco Ixhuatán,0.683012764
20144,San Francisco Jaltepetongo,0.584129947
20145,San Francisco Lachigoló,0.733785747
20146,San Francisco Logueche,0.451843724
20147,San Francisco Nuxaño,0.567111268
20148,San Francisco Ozolotepec,0.477437923
20149,San Francisco Sola,0.54483957
20150,San Francisco Telixtlahuaca,0.685795657
20151,San Francisco Teopan,0.634118775
20152,San Francisco Tlapancingo,0.495581702
20153,San Gabriel Mixtepec,0.559079084
20154,San Ildefonso Amatlán,0.528118676
20155,San Ildefonso Sola,0.498525829
20156,San Ildefonso Villa Alta,0.635824495
20157,San Jacinto Amilpas,0.805503961
20158,San Jacinto Tlacotepec,0.479388628
20159,San Jerónimo Coatlán,0.519304086
20160,San Jerónimo Silacayoapilla,0.552024437
20161,San Jerónimo Sosola,0.552139626
20162,San Jerónimo Taviche,0.516221204
20163,San Jerónimo Tecóatl,0.559222199
20164,San Jorge Nuchita,0.533733714
20165,San José Ayuquila,0.538616258
20166,San José Chiltepec,0.630215572
20167,San José del Peñasco,0.52426793
20168,San José Estancia Grande,0.552453605
20169,San José Independencia,0.490128508
20170,San José Lachiguiri,0.446731251
20171,San José Tenango,0.413300475
20172,San Juan Achiutla,0.658976407
20173,San Juan Atepec,0.577117113
20174,Ánimas Trujano,0.758054188
20175,San Juan Bautista Atatlahuca,0.584398288
20176,San Juan Bautista Coixtlahuaca,0.604482314
20177,San Juan Bautista Cuicatlán,0.627688636
20178,San Juan Bautista Guelache,0.760291388
20179,San Juan Bautista Jayacatlán,0.598410717
20180,San Juan Bautista Lo de Soto,0.615580764
20181,San Juan Bautista Suchitepec,0.556838654
20182,San Juan Bautista Tlacoatzintepec,0.50033716
20183,San Juan Bautista Tlachichilco,0.564550705
20184,San Juan Bautista Tuxtepec,0.703366096
20185,San Juan Cacahuatepec,0.649767269
20186,San Juan Cieneguilla,0.630843202
20187,San Juan Coatzóspam,0.45490913
20188,San Juan Colorado,0.547643538
20189,San Juan Comaltepec,0.471710152
20190,San Juan Cotzocón,0.576093905
20191,San Juan Chicomezúchil,0.580915407
20192,San Juan Chilateca,0.776122727
20193,San Juan del Estado,0.672606289
20194,San Juan del Río,0.720130656
20195,San Juan Diuxi,0.457927226
20196,San Juan Evangelista Analco,0.694864749
20197,San Juan Guelavía,0.589340341
20198,San Juan Guichicovi,0.560617334
20199,San Juan Ihualtepec,0.503621141
20200,San Juan Juquila Mixes,0.523649161
20201,San Juan Juquila Vijanos,0.563985988
20202,San Juan Lachao,0.57078914
20203,San Juan Lachigalla,0.491070298
20204,San Juan Lajarcia,0.618257292
20205,San Juan Lalana,0.50875086
20206,San Juan de los Cués,0.624615084
20207,San Juan Mazatlán,0.538231035
20208,San Juan Mixtepec -Dto. 08 -,0.536676929
20209,San Juan Mixtepec -Dto. 26 -,0.519131761
20210,San Juan Ñumí,0.52775708
20211,San Juan Ozolotepec,0.501123351
20212,San Juan Petlapa,0.384496013
20213,San Juan Quiahije,0.551968533
20214,San Juan Quiotepec,0.577593768
20215,San Juan Sayultepec,0.671147505
20216,San Juan Tabaá,0.630636524
20217,San Juan Tamazola,0.467190159
20218,San Juan Teita,0.478888414
20219,San Juan Teitipac,0.571559052
20220,San Juan Tepeuxila,0.540673221
20221,San Juan Teposcolula,0.639810167
20222,San Juan Yaeé,0.583104919
20223,San Juan Yatzona,0.597128945
20224,San Juan Yucuita,0.735061207
20225,San Lorenzo,0.473439108
20226,San Lorenzo Albarradas,0.587325159
20227,San Lorenzo Cacaotepec,0.721439067
20228,San Lorenzo Cuaunecuiltitla,0.436062958
20229,San Lorenzo Texmelúcan,0.474916697
20230,San Lorenzo Victoria,0.593813789
20231,San Lucas Camotlán,0.431792105
20232,San Lucas Ojitlán,0.54742144
20233,San Lucas Quiaviní,0.568369758
20234,San Lucas Zoquiápam,0.475346773
20235,San Luis Amatlán,0.514295539
20236,San Marcial Ozolotepec,0.473464702
20237,San Marcos Arteaga,0.648197287
20238,San Martín de los Cansecos,0.598097351
20239,San Martín Huamelúlpam,0.605300634
20240,San Martín Itunyoso,0.452764653
20241,San Martín Lachilá,0.567915053
20242,San Martín Peras,0.352326395
20243,San Martín Tilcajete,0.71037551
20244,San Martín Toxpalan,0.61422224
20245,San Martín Zacatepec,0.550053754
20246,San Mateo Cajonos,0.582061101
20247,Capulálpam de Méndez,0.76677252
20248,San Mateo del Mar,0.408100481
20249,San Mateo Yoloxochitlán,0.549316526
20250,San Mateo Etlatongo,0.629077857
20251,San Mateo Nejápam,0.485844204
20252,San Mateo Peñasco,0.494516444
20253,San Mateo Piñas,0.496764913
20254,San Mateo Río Hondo,0.513926267
20255,San Mateo Sindihui,0.490314721
20256,San Mateo Tlapiltepec,0.611459238
20257,San Melchor Betaza,0.482736614
20258,San Miguel Achiutla,0.59644927
20259,San Miguel Ahuehuetitlán,0.494059762
20260,San Miguel Aloápam,0.478690174
20261,San Miguel Amatitlán,0.527918218
20262,San Miguel Amatlán,0.681852159
20263,San Miguel Coatlán,0.492703841
20264,San Miguel Chicahua,0.528334908
20265,San Miguel Chimalapa,0.544345348
20266,San Miguel del Puerto,0.536101067
20267,San Miguel del Río,0.661274094
20268,San Miguel Ejutla,0.607946685
20269,San Miguel el Grande,0.636406623
20270,San Miguel Huautla,0.49152863
20271,San Miguel Mixtepec,0.450194218
20272,San Miguel Panixtlahuaca,0.563754229
20273,San Miguel Peras,0.494537172
20274,San Miguel Piedras,0.497556546
20275,San Miguel Quetzaltepec,0.479180432
20276,San Miguel Santa Flor,0.450542943
20277,Villa Sola de Vega,0.520202359
20278,San Miguel Soyaltepec,0.56818788
20279,San Miguel Suchixtepec,0.551503156
20280,Villa Talea de Castro,0.633803754
20281,San Miguel Tecomatlán,0.689303427
20282,San Miguel Tenango,0.551284004
20283,San Miguel Tequixtepec,0.605473534
20284,San Miguel Tilquiápam,0.429636845
20285,San Miguel Tlacamama,0.57252291
20286,San Miguel Tlacotepec,0.566816416
20287,San Miguel Tulancingo,0.60432746
20288,San Miguel Yotao,0.530344209
20289,San Nicolás,0.532518216
20290,San Nicolás Hidalgo,0.649338687
20291,San Pablo Coatlán,0.54157233
20292,San Pablo Cuatro Venados,0.49378103
20293,San Pablo Etla,0.827293444
20294,San Pablo Huitzo,0.728616567
20295,San Pablo Huixtepec,0.710527871
20296,San Pablo Macuiltianguis,0.564179842
20297,San Pablo Tijaltepec,0.481256398
20298,San Pablo Villa de Mitla,0.635617179
20299,San Pablo Yaganiza,0.563646384
20300,San Pedro Amuzgos,0.572620849
20301,San Pedro Apóstol,0.634451685
20302,San Pedro Atoyac,0.504523581
20303,San Pedro Cajonos,0.593805886
20304,San Pedro Coxcaltepec Cántaros,0.517150819
20305,San Pedro Comitancillo,0.766818483
20306,San Pedro el Alto,0.492004422
20307,San Pedro Huamelula,0.603814183
20308,San Pedro Huilotepec,0.611456644
20309,San Pedro Ixcatlán,0.504789676
20310,San Pedro Ixtlahuaca,0.631084222
20311,San Pedro Jaltepetongo,0.461867384
20312,San Pedro Jicayán,0.528234138
20313,San Pedro Jocotipac,0.490424719
20314,San Pedro Juchatengo,0.637671176
20315,San Pedro Mártir,0.503924557
20316,San Pedro Mártir Quiechapa,0.606174974
20317,San Pedro Mártir Yucuxaco,0.602356923
20318,San Pedro Mixtepec -Dto. 22 -,0.656491263
20319,San Pedro Mixtepec -Dto. 26 -,0.50260804
20320,San Pedro Molinos,0.531661648
20321,San Pedro Nopala,0.575192538
20322,San Pedro Ocopetatillo,0.503076573
20323,San Pedro Ocotepec,0.520082255
20324,San Pedro Pochutla,0.623204856
20325,San Pedro Quiatoni,0.470497517
20326,San Pedro Sochiápam,0.516648574
20327,San Pedro Tapanatepec,0.635094511
20328,San Pedro Taviche,0.496988166
20329,San Pedro Teozacoalco,0.563109574
20330,San Pedro Teutila,0.530879192
20331,San Pedro Tidaá,0.54504696
20332,San Pedro Topiltepec,0.660109294
20333,San Pedro Totolápam,0.638028413
20334,Villa de Tututepec de Melchor Ocampo,0.590229048
20335,San Pedro Yaneri,0.562365611
20336,San Pedro Yólox,0.607652444
20337,San Pedro y San Pablo Ayutla,0.505953704
20338,Villa de Etla,0.778140841
20339,San Pedro y San Pablo Teposcolula,0.667866795
20340,San Pedro y San Pablo Tequixtepec,0.60408203
20341,San Pedro Yucunama,0.577060922
20342,San Raymundo Jalpan,0.702034169
20343,San Sebastián Abasolo,0.618368589
20344,San Sebastián Coatlán,0.550767068
20345,San Sebastián Ixcapa,0.609134201
20346,San Sebastián Nicananduta,0.579910073
20347,San Sebastián Río Hondo,0.522625277
20348,San Sebastián Tecomaxtlahuaca,0.554063974
20349,San Sebastián Teitipac,0.611863287
20350,San Sebastián Tutla,0.825646075
20351,San Simón Almolongas,0.563874927
20352,San Simón Zahuatlán,0.344890989
20353,Santa Ana,0.678988775
20354,Santa Ana Ateixtlahuaca,0.436351925
20355,Santa Ana Cuauhtémoc,0.510220231
20356,Santa Ana del Valle,0.617780469
20357,Santa Ana Tavela,0.562680213
20358,Santa Ana Tlapacoyan,0.594107901
20359,Santa Ana Yareni,0.59436825
20360,Santa Ana Zegache,0.558050716
20361,Santa Catalina Quierí,0.460051061
20362,Santa Catarina Cuixtla,0.625322619
20363,Santa Catarina Ixtepeji,0.64155183
20364,Santa Catarina Juquila,0.567702631
20365,Santa Catarina Lachatao,0.620968466
20366,Santa Catarina Loxicha,0.53728132
20367,Santa Catarina Mechoacán,0.474930831
20368,Santa Catarina Minas,0.616255966
20369,Santa Catarina Quiané,0.663970685
20370,Santa Catarina Tayata,0.639880884
20371,Santa Catarina Ticuá,0.49986138
20372,Santa Catarina Yosonotú,0.506280358
20373,Santa Catarina Zapoquila,0.575374115
20374,Santa Cruz Acatepec,0.438596531
20375,Santa Cruz Amilpas,0.784975715
20376,Santa Cruz de Bravo,0.72112158
20377,Santa Cruz Itundujia,0.496850052
20378,Santa Cruz Mixtepec,0.623553783
20379,Santa Cruz Nundaco,0.550589716
20380,Santa Cruz Papalutla,0.606480922
20381,Santa Cruz Tacache de Mina,0.631597906
20382,Santa Cruz Tacahua,0.497456865
20383,Santa Cruz Tayata,0.588561778
20384,Santa Cruz Xitla,0.542858566
20385,Santa Cruz Xoxocotlán,0.766208277
20386,Santa Cruz Zenzontepec,0.452943641
20387,Santa Gertrudis,0.622453072
20388,Santa Inés del Monte,0.488962759
20389,Santa Inés Yatzeche,0.507992274
20390,Santa Lucía del Camino,0.809534934
20391,Santa Lucía Miahuatlán,0.408847552
20392,Santa Lucía Monteverde,0.468542011
20393,Santa Lucía Ocotlán,0.559196959
20394,Santa María Alotepec,0.573041259
20395,Santa María Apazco,0.459879504
20396,Santa María la Asunción,0.413892546
20397,Heroica Ciudad de Tlaxiaco,0.713622974
20398,Ayoquezco de Aldama,0.587238083
20399,Santa María Atzompa,0.719593106
20400,Santa María Camotlán,0.617754492
20401,Santa María Colotepec,0.618641477
20402,Santa María Cortijo,0.623020401
20403,Santa María Coyotepec,0.719385644
20404,Santa María Chachoápam,0.604873221
20405,Villa de Chilapa de Díaz,0.635442407
20406,Santa María Chilchotla,0.445747949
20407,Santa María Chimalapa,0.468393249
20408,Santa María del Rosario,0.631014535
20409,Santa María del Tule,0.81666357
20410,Santa María Ecatepec,0.600821035
20411,Santa María Guelacé,0.666412453
20412,Santa María Guienagati,0.482834407
20413,Santa María Huatulco,0.680439096
20414,Santa María Huazolotitlán,0.58409338
20415,Santa María Ipalapa,0.596257769
20416,Santa María Ixcatlán,0.578806595
20417,Santa María Jacatepec,0.596639451
20418,Santa María Jalapa del Marqués,0.674392906
20419,Santa María Jaltianguis,0.68254057
20420,Santa María Lachixío,0.483473511
20421,Santa María Mixtequilla,0.67458982
20422,Santa María Nativitas,0.583027084
20423,Santa María Nduayaco,0.522093321
20424,Santa María Ozolotepec,0.524761782
20425,Santa María Pápalo,0.482712244
20426,Santa María Peñoles,0.422245859
20427,Santa María Petapa,0.620565775
20428,Santa María Quiegolani,0.466167385
20429,Santa María Sola,0.557287345
20430,Santa María Tataltepec,0.558960873
20431,Santa María Tecomavaca,0.656259711
20432,Santa María Temaxcalapa,0.618900829
20433,Santa María Temaxcaltepec,0.469304753
20434,Santa María Teopoxco,0.47500257
20435,Santa María Tepantlali,0.463854298
20436,Santa María Texcatitlán,0.515894244
20437,Santa María Tlahuitoltepec,0.533597949
20438,Santa María Tlalixtac,0.473151238
20439,Santa María Tonameca,0.515236301
20440,Santa María Totolapilla,0.559027333
20441,Santa María Xadani,0.569384551
20442,Santa María Yalina,0.658143725
20443,Santa María Yavesía,0.665234195
20444,Santa María Yolotepec,0.535716136
20445,Santa María Yosoyúa,0.553424597
20446,Santa María Yucuhiti,0.626637658
20447,Santa María Zacatepec,0.583278025
20448,Santa María Zaniza,0.464854249
20449,Santa María Zoquitlán,0.552446131
20450,Santiago Amoltepec,0.401929686
20451,Santiago Apoala,0.496408638
20452,Santiago Apóstol,0.506642725
20453,Santiago Astata,0.644863725
20454,Santiago Atitlán,0.527944245
20455,Santiago Ayuquililla,0.541131032
20456,Santiago Cacaloxtepec,0.549288772
20457,Santiago Camotlán,0.494845188
20458,Santiago Comaltepec,0.649316478
20459,Santiago Chazumba,0.640507483
20460,Santiago Choápam,0.541934942
20461,Santiago del Río,0.554540306
20462,Santiago Huajolotitlán,0.684423775
20463,Santiago Huauclilla,0.514948772
20464,Santiago Ihuitlán Plumas,0.591605132
20465,Santiago Ixcuintepec,0.485605301
20466,Santiago Ixtayutla,0.501036247
20467,Santiago Jamiltepec,0.632280516
20468,Santiago Jocotepec,0.551357005
20469,Santiago Juxtlahuaca,0.490797539
20470,Santiago Lachiguiri,0.521684287
20471,Santiago Lalopa,0.585510752
20472,Santiago Laollaga,0.690854003
20473,Santiago Laxopa,0.577407087
20474,Santiago Llano Grande,0.602889889
20475,Santiago Matatlán,0.604042915
20476,Santiago Miltepec,0.565721512
20477,Santiago Minas,0.519488253
20478,Santiago Nacaltepec,0.591577418
20479,Santiago Nejapilla,0.495775063
20480,Santiago Nundiche,0.529361337
20481,Santiago Nuyoó,0.585212196
20482,Santiago Pinotepa Nacional,0.624198321
20483,Santiago Suchilquitongo,0.655782384
20484,Santiago Tamazola,0.546595362
20485,Santiago Tapextla,0.436913538
20486,Villa Tejúpam de la Unión,0.640033899
20487,Santiago Tenango,0.628831708
20488,Santiago Tepetlapa,0.667758017
20489,Santiago Tetepec,0.519376097
20490,Santiago Texcalcingo,0.449677563
20491,Santiago Textitlán,0.518430106
20492,Santiago Tilantongo,0.501033916
20493,Santiago Tillo,0.682522974
20494,Santiago Tlazoyaltepec,0.463066193
20495,Santiago Xanica,0.49639627
20496,Santiago Xiacuí,0.690888708
20497,Santiago Yaitepec,0.46312437
20498,Santiago Yaveo,0.523830472
20499,Santiago Yolomécatl,0.73021264
20500,Santiago Yosondúa,0.528905298
20501,Santiago Yucuyachi,0.575233165
20502,Santiago Zacatepec,0.517880328
20503,Santiago Zoochila,0.621093508
20504,Nuevo Zoquiápam,0.65110942
20505,Santo Domingo Ingenio,0.680068542
20506,Santo Domingo Albarradas,0.626598013
20507,Santo Domingo Armenta,0.516015288
20508,Santo Domingo Chihuitán,0.704925145
20509,Santo Domingo de Morelos,0.471869857
20510,Santo Domingo Ixcatlán,0.562288076
20511,Santo Domingo Nuxaá,0.472855101
20512,Santo Domingo Ozolotepec,0.411319553
20513,Santo Domingo Petapa,0.595469917
20514,Santo Domingo Roayaga,0.459790532
20515,Santo Domingo Tehuantepec,0.701462422
20516,Santo Domingo Teojomulco,0.542136483
20517,Santo Domingo Tepuxtepec,0.426867256
20518,Santo Domingo Tlatayápam,0.588450466
20519,Santo Domingo Tomaltepec,0.70298505
20520,Santo Domingo Tonalá,0.607411863
20521,Santo Domingo Tonaltepec,0.564065094
20522,Santo Domingo Xagacía,0.473383623
20523,Santo Domingo Yanhuitlán,0.655303048
20524,Santo Domingo Yodohino,0.599626995
20525,Santo Domingo Zanatepec,0.675595909
20526,Santos Reyes Nopala,0.546697052
20527,Santos Reyes Pápalo,0.503251587
20528,Santos Reyes Tepejillo,0.563536436
20529,Santos Reyes Yucuná,0.337887164
20530,Santo Tomás Jalieza,0.597491333
20531,Santo Tomás Mazaltepec,0.682679203
20532,Santo Tomás Ocotepec,0.523545776
20533,Santo Tomás Tamazulapan,0.610317234
20534,San Vicente Coatlán,0.486586777
20535,San Vicente Lachixío,0.526488792
20536,San Vicente Nuñú,0.584103233
20537,Silacayoápam,0.5861754
20538,Sitio de Xitlapehua,0.596761564
20539,Soledad Etla,0.727460687
20540,Villa de Tamazulápam del Progreso,0.735449038
20541,Tanetze de Zaragoza,0.613532368
20542,Taniche,0.532648725
20543,Tataltepec de Valdés,0.501703121
20544,Teococuilco de Marcos Pérez,0.647457951
20545,Teotitlán de Flores Magón,0.700668309
20546,Teotitlán del Valle,0.674557306
20547,Teotongo,0.661384755
20548,Tepelmeme Villa de Morelos,0.551356399
20549,Tezoatlán de Segura y Luna,0.615832181
20550,San Jerónimo Tlacochahuaya,0.673260007
20551,Tlacolula de Matamoros,0.721128683
20552,Tlacotepec Plumas,0.655333752
20553,Tlalixtac de Cabrera,0.708458093
20554,Totontepec Villa de Morelos,0.530438138
20555,Trinidad Zaachila,0.630542116
20556,La Trinidad Vista Hermosa,0.600748697
20557,Unión Hidalgo,0.735063682
20558,Valerio Trujano,0.632361159
20559,San Juan Bautista Valle Nacional,0.601724896
20560,Villa Díaz Ordaz,0.594417875
20561,Yaxe,0.531935235
20562,Magdalena Yodocono de Porfirio Díaz,0.621804356
20563,Yogana,0.444144632
20564,Yutanduchi de Guerrero,0.540407496
20565,Villa de Zaachila,0.650181004
20566,San Mateo Yucutindó,0.550671845
20567,Zapotitlán Lagunas,0.528123536
20568,Zapotitlán Palmas,0.600161626
20569,Santa Inés de Zaragoza,0.549127758
20570,Zimatlán de Álvarez,0.650988304
21001,Acajete,0.626230822
21002,Acateno,0.609169996
21003,Acatlán,0.658782497
21004,Acatzingo,0.653033914
21005,Acteopan,0.460349722
21006,Ahuacatlán,0.574045581
21007,Ahuatlán,0.511267662
21008,Ahuazotepec,0.661252981
21009,Ahuehuetitla,0.610634571
21010,Ajalpan,0.532560281
21011,Albino Zertuche,0.555415818
21012,Aljojuca,0.662341738
21013,Altepexi,0.624227358
21014,Amixtlán,0.498228546
21015,Amozoc,0.698083642
21016,Aquixtla,0.585475994
21017,Atempan,0.586018907
21018,Atexcal,0.588479062
21019,Atlixco,0.727384779
21020,Atoyatempan,0.622215189
21021,Atzala,0.687900037
21022,Atzitzihuacán,0.585472148
21023,Atzitzintla,0.498611342
21024,Axutla,0.624370408
21025,Ayotoxco de Guerrero,0.625671492
21026,Calpan,0.616325075
21027,Caltepec,0.555985929
21028,Camocuautla,0.532258544
21029,Caxhuacan,0.579776954
21030,Coatepec,0.626703881
21031,Coatzingo,0.580812283
21032,Cohetzala,0.567009364
21033,Cohuecan,0.61473236
21034,Coronango,0.662697473
21035,Coxcatlán,0.635685532
21036,Coyomeapan,0.494469658
21037,Coyotepec,0.653251918
21038,Cuapiaxtla de Madero,0.58586431
21039,Cuautempan,0.568959113
21040,Cuautinchán,0.567150806
21041,Cuautlancingo,0.780313639
21042,Cuayuca de Andrade,0.544389635
21043,Cuetzalan del Progreso,0.551934697
21044,Cuyoaco,0.617105433
21045,Chalchicomula de Sesma,0.656394296
21046,Chapulco,0.620147645
21047,Chiautla,0.709282533
21048,Chiautzingo,0.687818187
21049,Chiconcuautla,0.464249198
21050,Chichiquila,0.481044828
21051,Chietla,0.663237991
21052,Chigmecatitlán,0.548859575
21053,Chignahuapan,0.616161827
21054,Chignautla,0.578623191
21055,Chila,0.628506304
21056,Chila de la Sal,0.594118065
21057,Honey,0.587254142
21058,Chilchotla,0.481776835
21059,Chinantla,0.62861588
21060,Domingo Arenas,0.581360448
21061,Eloxochitlán,0.46433191
21062,Epatlán,0.641187272
21063,Esperanza,0.625369117
21064,Francisco Z. Mena,0.622471457
21065,General Felipe Ángeles,0.580151794
21066,Guadalupe,0.700053174
21067,Guadalupe Victoria,0.652334231
21068,Hermenegildo Galeana,0.523374052
21069,Huaquechula,0.607280873
21070,Huatlatlauca,0.514746599
21071,Huauchinango,0.677838139
21072,Huehuetla,0.518693964
21073,Huehuetlán el Chico,0.634440993
21074,Huejotzingo,0.735417561
21075,Hueyapan,0.602819711
21076,Hueytamalco,0.572434036
21077,Hueytlalpan,0.48464462
21078,Huitzilan de Serdán,0.480238927
21079,Huitziltepec,0.661560794
21080,Atlequizayan,0.537530125
21081,Ixcamilpa de Guerrero,0.545468084
21082,Ixcaquixtla,0.662595287
21083,Ixtacamaxtitlán,0.570417501
21084,Ixtepec,0.515729472
21085,Izúcar de Matamoros,0.692574607
21086,Jalpan,0.569974666
21087,Jolalpan,0.534558086
21088,Jonotla,0.548328527
21089,Jopala,0.506354405
21090,Juan C. Bonilla,0.669672189
21091,Juan Galindo,0.727766241
21092,Juan N. Méndez,0.539930442
21093,Lafragua,0.580661624
21094,Libres,0.632638189
21095,La Magdalena Tlatlauquitepec,0.659590475
21096,Mazapiltepec de Juárez,0.617238425
21097,Mixtla,0.687471638
21098,Molcaxac,0.573094228
21099,Cañada Morelos,0.535877269
21100,Naupan,0.515572123
21101,Nauzontla,0.585541011
21102,Nealtican,0.636917334
21103,Nicolás Bravo,0.57645689
21104,Nopalucan,0.629737882
21105,Ocotepec,0.574507681
21106,Ocoyucan,0.552128673
21107,Olintla,0.494319156
21108,Oriental,0.654784056
21109,Pahuatlán,0.559209574
21110,Palmar de Bravo,0.553873275
21111,Pantepec,0.534165566
21112,Petlalcingo,0.601308451
21113,Piaxtla,0.613503112
21114,Puebla,0.802395519
21115,Quecholac,0.566556076
21116,Quimixtlán,0.516935374
21117,Rafael Lara Grajales,0.68315482
21118,Los Reyes de Juárez,0.624011121
21119,San Andrés Cholula,0.766626207
21120,San Antonio Cañada,0.51282966
21121,San Diego la Mesa Tochimiltzingo,0.513259463
21122,San Felipe Teotlalcingo,0.668598358
21123,San Felipe Tepatlán,0.493211638
21124,San Gabriel Chilac,0.614985253
21125,San Gregorio Atzompa,0.732392944
21126,San Jerónimo Tecuanipan,0.618977064
21127,San Jerónimo Xayacatlán,0.590311329
21128,San José Chiapa,0.597096351
21129,San José Miahuatlán,0.601436479
21130,San Juan Atenco,0.660966767
21131,San Juan Atzompa,0.655942354
21132,San Martín Texmelucan,0.756921315
21133,San Martín Totoltepec,0.643196052
21134,San Matías Tlalancaleca,0.686013917
21135,San Miguel Ixitlán,0.575942892
21136,San Miguel Xoxtla,0.763913477
21137,San Nicolás Buenos Aires,0.554356049
21138,San Nicolás de los Ranchos,0.637946385
21139,San Pablo Anicano,0.599277292
21140,San Pedro Cholula,0.781549618
21141,San Pedro Yeloixtlahuaca,0.65981981
21142,San Salvador el Seco,0.606329618
21143,San Salvador el Verde,0.669600667
21144,San Salvador Huixcolotla,0.669406557
21145,San Sebastián Tlacotepec,0.506891289
21146,Santa Catarina Tlaltempan,0.547030796
21147,Santa Inés Ahuatempan,0.547665325
21148,Santa Isabel Cholula,0.612605594
21149,Santiago Miahuatlán,0.619491119
21150,Huehuetlán el Grande,0.530909845
21151,Santo Tomás Hueyotlipan,0.692733574
21152,Soltepec,0.598824893
21153,Tecali de Herrera,0.656323596
21154,Tecamachalco,0.661374777
21155,Tecomatlán,0.609712772
21156,Tehuacán,0.689435879
21157,Tehuitzingo,0.598670301
21158,Tenampulco,0.591500367
21159,Teopantlán,0.498679916
21160,Teotlalco,0.600649492
21161,Tepanco de López,0.648211891
21162,Tepango de Rodríguez,0.50896339
21163,Tepatlaxco de Hidalgo,0.611104251
21164,Tepeaca,0.693637365
21165,Tepemaxalco,0.45955117
21166,Tepeojuma,0.62381398
21167,Tepetzintla,0.537722138
21168,Tepexco,0.564417397
21169,Tepexi de Rodríguez,0.588989083
21170,Tepeyahualco,0.577025718
21171,Tepeyahualco de Cuauhtémoc,0.694744563
21172,Tetela de Ocampo,0.592293361
21173,Teteles de Avila Castillo,0.758510467
21174,Teziutlán,0.747289517
21175,Tianguismanalco,0.612576272
21176,Tilapa,0.666297503
21177,Tlacotepec de Benito Juárez,0.586240811
21178,Tlacuilotepec,0.533631704
21179,Tlachichuca,0.591555795
21180,Tlahuapan,0.630549514
21181,Tlaltenango,0.641740384
21182,Tlanepantla,0.637076851
21183,Tlaola,0.527464412
21184,Tlapacoya,0.521023754
21185,Tlapanalá,0.60948792
21186,Tlatlauquitepec,0.646848441
21187,Tlaxco,0.562266382
21188,Tochimilco,0.581941335
21189,Tochtepec,0.65146884
21190,Totoltepec de Guerrero,0.63065801
21191,Tulcingo,0.560697223
21192,Tuzamapan de Galeana,0.579786726
21193,Tzicatlacoyan,0.494275647
21194,Venustiano Carranza,0.675643524
21195,Vicente Guerrero,0.549333399
21196,Xayacatlán de Bravo,0.65269965
21197,Xicotepec,0.649346453
21198,Xicotlán,0.543985951
21199,Xiutetelco,0.597031144
21200,Xochiapulco,0.56806496
21201,Xochiltepec,0.611222157
21202,Xochitlán de Vicente Suárez,0.531178553
21203,Xochitlán Todos Santos,0.573231109
21204,Yaonáhuac,0.638223961
21205,Yehualtepec,0.623910927
21206,Zacapala,0.533741738
21207,Zacapoaxtla,0.615478884
21208,Zacatlán,0.689541566
21209,Zapotitlán,0.619373161
21210,Zapotitlán de Méndez,0.594377864
21211,Zaragoza,0.691130724
21212,Zautla,0.580668846
21213,Zihuateutla,0.540099716
21214,Zinacatepec,0.638579233
21215,Zongozotla,0.582454289
21216,Zoquiapan,0.547695359
21217,Zoquitlán,0.481943757
22001,Amealco de Bonfil,0.554641406
22002,Pinal de Amoles,0.529673618
22003,Arroyo Seco,0.607308127
22004,Cadereyta de Montes,0.569993617
22005,Colón,0.61290591
22006,Corregidora,0.879605865
22007,Ezequiel Montes,0.697523604
22008,Huimilpan,0.637510619
22009,Jalpan de Serra,0.662540599
22010,Landa de Matamoros,0.593315681
22011,El Marqués,0.657370119
22012,Pedro Escobedo,0.696182484
22013,Peñamiller,0.589005315
22014,Querétaro,0.823852162
22015,San Joaquín,0.577117038
22016,San Juan del Río,0.746706007
22017,Tequisquiapan,0.717476061
22018,Tolimán,0.595447919
23001,Cozumel,0.761248417
23002,Felipe Carrillo Puerto,0.641163757
23003,Isla Mujeres,0.691355374
23004,Othón P. Blanco,0.747335387
23005,Benito Juárez,0.814039417
23006,José María Morelos,0.596906217
23007,Lázaro Cárdenas,0.655244155
23008,Solidaridad,0.711442712
23009,Tulum,0.639379022
24001,Ahualulco,0.614706183
24002,Alaquines,0.571635661
24003,Aquismón,0.499679325
24004,Armadillo de los Infante,0.581135221
24005,Cárdenas,0.722081878
24006,Catorce,0.626413285
24007,Cedral,0.721066978
24008,Cerritos,0.723206833
24009,Cerro de San Pedro,0.753044776
24010,Ciudad del Maíz,0.649083171
24011,Ciudad Fernández,0.702780891
24012,Tancanhuitz,0.599487372
24013,Ciudad Valles,0.748162531
24014,Coxcatlán,0.565529523
24015,Charcas,0.681810836
24016,Ebano,0.693552718
24017,Guadalcázar,0.551282154
24018,Huehuetlán,0.593251512
24019,Lagunillas,0.584136486
24020,Matehuala,0.754303474
24021,Mexquitic de Carmona,0.617903679
24022,Moctezuma,0.569118846
24023,Rayón,0.657823403
24024,Rioverde,0.693854933
24025,Salinas,0.655816633
24026,San Antonio,0.537814115
24027,San Ciro de Acosta,0.680218531
24028,San Luis Potosí,0.812471933
24029,San Martín Chalchicuautla,0.567175057
24030,San Nicolás Tolentino,0.59004176
24031,Santa Catarina,0.580141777
24032,Santa María del Río,0.634609702
24033,Santo Domingo,0.615887589
24034,San Vicente Tancuayalab,0.620563568
24035,Soledad de Graciano Sánchez,0.782165466
24036,Tamasopo,0.612306569
24037,Tamazunchale,0.639268601
24038,Tampacán,0.624796894
24039,Tampamolón Corona,0.589811345
24040,Tamuín,0.667109374
24041,Tanlajás,0.553272731
24042,Tanquián de Escobedo,0.64978213
24043,Tierra Nueva,0.607284142
24044,Vanegas,0.609993011
24045,Venado,0.639592612
24046,Villa de Arriaga,0.528894454
24047,Villa de Guadalupe,0.584976757
24048,Villa de la Paz,0.702346254
24049,Villa de Ramos,0.593769493
24050,Villa de Reyes,0.621529084
24051,Villa Hidalgo,0.668170523
24052,Villa Juárez,0.638949306
24053,Axtla de Terrazas,0.649047741
24054,Xilitla,0.59528633
24055,Zaragoza,0.598344902
24056,Villa de Arista,0.637474908
24057,Matlapa,0.603097161
24058,El Naranjo,0.679853435
25001,Ahome,0.809698023
25002,Angostura,0.743633295
25003,Badiraguato,0.541116376
25004,Concordia,0.674164823
25005,Cosalá,0.631954143
25006,Culiacán,0.818514062
25007,Choix,0.562908606
25008,Elota,0.661830046
25009,Escuinapa,0.744638288
25010,El Fuerte,0.702736217
25011,Guasave,0.779492588
25012,Mazatlán,0.810706326
25013,Mocorito,0.669340662
25014,Rosario,0.705554095
25015,Salvador Alvarado,0.79382368
25016,San Ignacio,0.661664235
25017,Sinaloa,0.670566178
25018,Navolato,0.705868873
26001,Aconchi,0.747378635
26002,Agua Prieta,0.762819076
26003,Alamos,0.642989236
26004,Altar,0.710958277
26005,Arivechi,0.669015199
26006,Arizpe,0.727774104
26007,Atil,0.784757526
26008,Bacadéhuachi,0.6710389
26009,Bacanora,0.65967803
26010,Bacerac,0.678742759
26011,Bacoachi,0.727078495
26012,Bácum,0.731778621
26013,Banámichi,0.733567037
26014,Baviácora,0.759874895
26015,Bavispe,0.717461316
26016,Benjamín Hill,0.728483164
26017,Caborca,0.74864005
26018,Cajeme,0.820506124
26019,Cananea,0.809640877
26020,Carbó,0.701288248
26021,La Colorada,0.676665997
26022,Cucurpe,0.655045064
26023,Cumpas,0.779071638
26024,Divisaderos,0.72538512
26025,Empalme,0.775454296
26026,Etchojoa,0.697227246
26027,Fronteras,0.740374517
26028,Granados,0.773417766
26029,Guaymas,0.77485542
26030,Hermosillo,0.806535015
26031,Huachinera,0.730137606
26032,Huásabas,0.749742648
26033,Huatabampo,0.731298504
26034,Huépac,0.765433949
26035,Imuris,0.754246806
26036,Magdalena,0.713127078
26037,Mazatán,0.702628895
26038,Moctezuma,0.672287766
26039,Naco,0.761126255
26040,Nácori Chico,0.653069061
26041,Nacozari de García,0.784330077
26042,Navojoa,0.759665941
26043,Nogales,0.777895653
26044,Onavas,0.66267614
26045,Opodepe,0.691749516
26046,Oquitoa,0.759870985
26047,Pitiquito,0.758672475
26048,Puerto Peñasco,0.775509155
26049,Quiriego,0.580471419
26050,Rayón,0.723159064
26051,Rosario,0.645296388
26052,Sahuaripa,0.699473575
26053,San Felipe de Jesús,0.767812741
26054,San Javier,0.653021792
26055,San Luis Río Colorado,0.766989985
26056,San Miguel de Horcasitas,0.627111622
26057,San Pedro de la Cueva,0.704364063
26058,Santa Ana,0.733531725
26059,Santa Cruz,0.721609048
26060,Sáric,0.699683457
26061,Soyopa,0.662730223
26062,Suaqui Grande,0.729294798
26063,Tepache,0.719960931
26064,Trincheras,0.665953089
26065,Tubutama,0.692958941
26066,Ures,0.770440282
26067,Villa Hidalgo,0.679561137
26068,Villa Pesqueira,0.720702196
26069,Yécora,0.603146019
26070,General Plutarco Elías Calles,0.720405022
26071,Benito Juárez,0.829100671
26072,San Ignacio Río Muerto,0.675223919
27001,Balancán,0.644158286
27002,Cárdenas,0.678777209
27003,Centla,0.654563784
27004,Centro,0.792916004
27005,Comalcalco,0.644614761
27006,Cunduacán,0.665306144
27007,Emiliano Zapata,0.736054883
27008,Huimanguillo,0.647477213
27009,Jalapa,0.680190931
27010,Jalpa de Méndez,0.698276999
27011,Jonuta,0.642803922
27012,Macuspana,0.675825065
27013,Nacajuca,0.716719787
27014,Paraíso,0.726816455
27015,Tacotalpa,0.65703041
27016,Teapa,0.665623415
27017,Tenosique,0.690401672
28001,Abasolo,0.693553953
28002,Aldama,0.675959131
28003,Altamira,0.749224397
28004,Antiguo Morelos,0.677115041
28005,Burgos,0.650002658
28006,Bustamante,0.597598505
28007,Camargo,0.773990743
28008,Casas,0.612525358
28009,Ciudad Madero,0.825666459
28010,Cruillas,0.644878262
28011,Gómez Farías,0.679094269
28012,González,0.649065965
28013,Güémez,0.648809484
28014,Guerrero,0.502027651
28015,Gustavo Díaz Ordaz,0.721318238
28016,Hidalgo,0.699228189
28017,Jaumave,0.673714061
28018,Jiménez,0.722982072
28019,Llera,0.671330761
28020,Mainero,0.668825256
28021,El Mante,0.779945454
28022,Matamoros,0.757742125
28023,Méndez,0.673505988
28024,Mier,0.785641383
28025,Miguel Alemán,0.792602766
28026,Miquihuana,0.594253923
28027,Nuevo Laredo,0.78575184
28028,Nuevo Morelos,0.669377078
28029,Ocampo,0.669872028
28030,Padilla,0.736057796
28031,Palmillas,0.672596206
28032,Reynosa,0.765851218
28033,Río Bravo,0.74458808
28034,San Carlos,0.632928331
28035,San Fernando,0.681404562
28036,San Nicolás,0.539557153
28037,Soto la Marina,0.664889954
28038,Tampico,0.815210197
28039,Tula,0.643738064
28040,Valle Hermoso,0.749238734
28041,Victoria,0.810547296
28042,Villagrán,0.679748445
28043,Xicoténcatl,0.733929708
29001,Amaxac de Guerrero,0.773830724
29002,Apetatitlán de Antonio Carvajal,0.813974224
29003,Atlangatepec,0.656021675
29004,Atltzayanca,0.637566364
29005,Apizaco,0.796053155
29006,Calpulalpan,0.724190377
29007,El Carmen Tequexquitla,0.610746334
29008,Cuapiaxtla,0.655856395
29009,Cuaxomulco,0.716042883
29010,Chiautempan,0.760172969
29011,Muñoz de Domingo Arenas,0.727993616
29012,Españita,0.621216103
29013,Huamantla,0.720094219
29014,Hueyotlipan,0.689466191
29015,Ixtacuixtla de Mariano Matamoros,0.738498766
29016,Ixtenco,0.740165643
29017,Mazatecochco de José María Morelos,0.704020835
29018,Contla de Juan Cuamatzi,0.711154626
29019,Tepetitla de Lardizábal,0.741277991
29020,Sanctórum de Lázaro Cárdenas,0.698044468
29021,Nanacamilpa de Mariano Arista,0.720333979
29022,Acuamanala de Miguel Hidalgo,0.731356842
29023,Natívitas,0.718586158
29024,Panotla,0.768884144
29025,San Pablo del Monte,0.674001668
29026,Santa Cruz Tlaxcala,0.741709481
29027,Tenancingo,0.725380492
29028,Teolocholco,0.706658138
29029,Tepeyanco,0.786143985
29030,Terrenate,0.62859547
29031,Tetla de la Solidaridad,0.73739226
29032,Tetlatlahuca,0.744291617
29033,Tlaxcala,0.835024383
29034,Tlaxco,0.670090165
29035,Tocatlán,0.71270528
29036,Totolac,0.818920619
29037,Ziltlaltépec de Trinidad Sánchez Santos,0.620374909
29038,Tzompantepec,0.7254941
29039,Xaloztoc,0.687065895
29040,Xaltocan,0.667974652
29041,Papalotla de Xicohténcatl,0.766992228
29042,Xicohtzinco,0.77102727
29043,Yauhquemehcan,0.782203319
29044,Zacatelco,0.764037717
29045,Benito Juárez,0.771860549
29046,Emiliano Zapata,0.711469355
29047,Lázaro Cárdenas,0.725502851
29048,La Magdalena Tlaltelulco,0.726112956
29049,San Damián Texóloc,0.768851496
29050,San Francisco Tetlanohcan,0.682310862
29051,San Jerónimo Zacualpan,0.764496695
29052,San José Teacalco,0.671126083
29053,San Juan Huactzinco,0.759844185
29054,San Lorenzo Axocomanitla,0.7658284
29055,San Lucas Tecopilco,0.713727669
29056,Santa Ana Nopalucan,0.75029584
29057,Santa Apolonia Teacalco,0.737789123
29058,Santa Catarina Ayometla,0.745798412
29059,Santa Cruz Quilehtla,0.717395327
29060,Santa Isabel Xiloxoxtla,0.724415268
30001,Acajete,0.621461954
30002,Acatlán,0.693317397
30003,Acayucan,0.649857931
30004,Actopan,0.727664828
30005,Acula,0.60049125
30006,Acultzingo,0.59438566
30007,Camarón de Tejeda,0.571018961
30008,Alpatláhuac,0.545227721
30009,Alto Lucero de Gutiérrez Barrios,0.677010023
30010,Altotonga,0.596232135
30011,Alvarado,0.667494106
30012,Amatitlán,0.61420522
30013,Naranjos Amatlán,0.777930784
30014,Amatlán de los Reyes,0.666434523
30015,Angel R. Cabada,0.611312186
30016,La Antigua,0.761902093
30017,Apazapan,0.696405624
30018,Aquila,0.49677817
30019,Astacinga,0.458341594
30020,Atlahuilco,0.459337791
30021,Atoyac,0.663601397
30022,Atzacan,0.575528259
30023,Atzalan,0.58113752
30024,Tlaltetela,0.56770303
30025,Ayahualulco,0.46677935
30026,Banderilla,0.759424517
30027,Benito Juárez,0.702337913
30028,Boca del Río,0.798113239
30029,Calcahualco,0.461993615
30030,Camerino Z. Mendoza,0.747369006
30031,Carrillo Puerto,0.529740046
30032,Catemaco,0.663578027
30033,Cazones de Herrera,0.622307614
30034,Cerro Azul,0.75677998
30035,Citlaltépetl,0.611773243
30036,Coacoatzintla,0.648325159
30037,Coahuitlán,0.519562599
30038,Coatepec,0.764397412
30039,Coatzacoalcos,0.759830523
30040,Coatzintla,0.75000873
30041,Coetzala,0.539281562
30042,Colipa,0.567871092
30043,Comapa,0.514377954
30044,Córdoba,0.748335564
30045,Cosamaloapan de Carpio,0.706798531
30046,Cosautlán de Carvajal,0.583754376
30047,Coscomatepec,0.534495652
30048,Cosoleacaque,0.719904917
30049,Cotaxtla,0.58297128
30050,Coxquihui,0.567142243
30051,Coyutla,0.582187492
30052,Cuichapa,0.652087188
30053,Cuitláhuac,0.673981274
30054,Chacaltianguis,0.662906027
30055,Chalma,0.631198167
30056,Chiconamel,0.574968258
30057,Chiconquiaco,0.534542217
30058,Chicontepec,0.657076811
30059,Chinameca,0.638716976
30060,Chinampa de Gorostiza,0.6326029
30061,Las Choapas,0.583479312
30062,Chocamán,0.592755833
30063,Chontla,0.618407114
30064,Chumatlán,0.558367826
30065,Emiliano Zapata,0.760720525
30066,Espinal,0.620901424
30067,Filomeno Mata,0.487621226
30068,Fortín,0.766128467
30069,Gutiérrez Zamora,0.686386384
30070,Hidalgotitlán,0.58124099
30071,Huatusco,0.676960741
30072,Huayacocotla,0.596920886
30073,Hueyapan de Ocampo,0.597414023
30074,Huiloapan de Cuauhtémoc,0.73535068
30075,Ignacio de la Llave,0.590482002
30076,Ilamatlán,0.457670091
30077,Isla,0.661355556
30078,Ixcatepec,0.614542257
30079,Ixhuacán de los Reyes,0.553410651
30080,Ixhuatlán del Café,0.581264483
30081,Ixhuatlancillo,0.65816353
30082,Ixhuatlán del Sureste,0.652319814
30083,Ixhuatlán de Madero,0.576357254
30084,Ixmatlahuacan,0.617504682
30085,Ixtaczoquitlán,0.722438589
30086,Jalacingo,0.579621413
30087,Xalapa,0.812930986
30088,Jalcomulco,0.620042951
30089,Jáltipan,0.669630852
30090,Jamapa,0.615591401
30091,Jesús Carranza,0.605664137
30092,Xico,0.65974324
30093,Jilotepec,0.712185362
30094,Juan Rodríguez Clara,0.62962367
30095,Juchique de Ferrer,0.594443717
30096,Landero y Coss,0.652475392
30097,Lerdo de Tejada,0.701501691
30098,Magdalena,0.627839381
30099,Maltrata,0.614254143
30100,Manlio Fabio Altamirano,0.632704236
30101,Mariano Escobedo,0.623031618
30102,Martínez de la Torre,0.693922494
30103,Mecatlán,0.470148123
30104,Mecayapan,0.47013935
30105,Medellín,0.686138263
30106,Miahuatlán,0.637564278
30107,Las Minas,0.497603614
30108,Minatitlán,0.724578375
30109,Misantla,0.666040501
30110,Mixtla de Altamirano,0.392222892
30111,Moloacán,0.607321837
30112,Naolinco,0.704940563
30113,Naranjal,0.583467097
30114,Nautla,0.655172132
30115,Nogales,0.746903243
30116,Oluta,0.662996137
30117,Omealca,0.624516888
30118,Orizaba,0.802711674
30119,Otatitlán,0.664627712
30120,Oteapan,0.593193052
30121,Ozuluama de Mascareñas,0.61423408
30122,Pajapan,0.513545318
30123,Pánuco,0.71451936
30124,Papantla,0.684732483
30125,Paso del Macho,0.629666931
30126,Paso de Ovejas,0.692457286
30127,La Perla,0.430948195
30128,Perote,0.680816437
30129,Platón Sánchez,0.652438041
30130,Playa Vicente,0.598871472
30131,Poza Rica de Hidalgo,0.786240563
30132,Las Vigas de Ramírez,0.599726618
30133,Pueblo Viejo,0.691888882
30134,Puente Nacional,0.696927317
30135,Rafael Delgado,0.615033452
30136,Rafael Lucio,0.694165806
30137,Los Reyes,0.544456068
30138,Río Blanco,0.796213033
30139,Saltabarranca,0.653120249
30140,San Andrés Tenejapan,0.54210221
30141,San Andrés Tuxtla,0.637326848
30142,San Juan Evangelista,0.60010583
30143,Santiago Tuxtla,0.624906763
30144,Sayula de Alemán,0.615126467
30145,Soconusco,0.688919384
30146,Sochiapa,0.562273324
30147,Soledad Atzompa,0.462142265
30148,Soledad de Doblado,0.626875732
30149,Soteapan,0.455437298
30150,Tamalín,0.621519149
30151,Tamiahua,0.611400372
30152,Tampico Alto,0.668040073
30153,Tancoco,0.65358462
30154,Tantima,0.621209748
30155,Tantoyuca,0.601900051
30156,Tatatila,0.509477091
30157,Castillo de Teayo,0.635475239
30158,Tecolutla,0.621149896
30159,Tehuipango,0.365027604
30160,Álamo Temapache,0.645006994
30161,Tempoal,0.646602222
30162,Tenampa,0.568539922
30163,Tenochtitlán,0.592961209
30164,Teocelo,0.674512734
30165,Tepatlaxco,0.517751344
30166,Tepetlán,0.580144483
30167,Tepetzintla,0.602781714
30168,Tequila,0.552848015
30169,José Azueta,0.660619248
30170,Texcatepec,0.459400347
30171,Texhuacán,0.532164274
30172,Texistepec,0.557680517
30173,Tezonapa,0.556192953
30174,Tierra Blanca,0.678848315
30175,Tihuatlán,0.645442033
30176,Tlacojalpan,0.614672792
30177,Tlacolulan,0.552976895
30178,Tlacotalpan,0.653397945
30179,Tlacotepec de Mejía,0.62733389
30180,Tlachichilco,0.529113392
30181,Tlalixcoyan,0.648649987
30182,Tlalnelhuayocan,0.683828294
30183,Tlapacoyan,0.640738211
30184,Tlaquilpa,0.488209356
30185,Tlilapan,0.603402553
30186,Tomatlán,0.649656404
30187,Tonayán,0.558802697
30188,Totutla,0.601367625
30189,Tuxpan,0.724048648
30190,Tuxtilla,0.656108788
30191,Ursulo Galván,0.762015221
30192,Vega de Alatorre,0.650648612
30193,Veracruz,0.787326313
30194,Villa Aldama,0.573514458
30195,Xoxocotla,0.482441007
30196,Yanga,0.699226557
30197,Yecuatla,0.60129041
30198,Zacualpan,0.521237382
30199,Zaragoza,0.560459594
30200,Zentla,0.579396015
30201,Zongolica,0.549793329
30202,Zontecomatlán de López y Fuentes,0.487193987
30203,Zozocolco de Hidalgo,0.530564523
30204,Agua Dulce,0.726517362
30205,El Higo,0.724905522
30206,Nanchital de Lázaro Cárdenas del Río,0.799214022
30207,Tres Valles,0.649044356
30208,Carlos A. Carrillo,0.675701375
30209,Tatahuicapan de Juárez,0.512490402
30210,Uxpanapa,0.551872802
30211,San Rafael,0.66769947
30212,Santiago Sochiapan,0.541773512
31001,Abalá,0.552267916
31002,Acanceh,0.663048978
31003,Akil,0.592955058
31004,Baca,0.682509137
31005,Bokobá,0.616133793
31006,Buctzotz,0.64009272
31007,Cacalchén,0.665559348
31008,Calotmul,0.604820676
31009,Cansahcab,0.659711682
31010,Cantamayec,0.474956506
31011,Celestún,0.620106947
31012,Cenotillo,0.615710742
31013,Conkal,0.732182283
31014,Cuncunul,0.565592145
31015,Cuzamá,0.551503704
31016,Chacsinkín,0.492534338
31017,Chankom,0.499329723
31018,Chapab,0.607538621
31019,Chemax,0.451561741
31020,Chicxulub Pueblo,0.694593551
31021,Chichimilá,0.528288112
31022,Chikindzonot,0.496026116
31023,Chocholá,0.662099796
31024,Chumayel,0.609495993
31025,Dzán,0.624970525
31026,Dzemul,0.675229405
31027,Dzidzantún,0.751770568
31028,Dzilam de Bravo,0.660912122
31029,Dzilam González,0.659386038
31030,Dzitás,0.575788001
31031,Dzoncauich,0.514478042
31032,Espita,0.549573409
31033,Halachó,0.598310831
31034,Hocabá,0.622309249
31035,Hoctún,0.594915666
31036,Homún,0.572868458
31037,Huhí,0.521757189
31038,Hunucmá,0.625888573
31039,Ixil,0.669135115
31040,Izamal,0.659336099
31041,Kanasín,0.705713993
31042,Kantunil,0.608823789
31043,Kaua,0.470357905
31044,Kinchil,0.572965522
31045,Kopomá,0.605195913
31046,Mama,0.640647412
31047,Maní,0.568909679
31048,Maxcanú,0.586345028
31049,Mayapán,0.459468147
31050,Mérida,0.81191981
31051,Mocochá,0.669781898
31052,Motul,0.672577019
31053,Muna,0.672573502
31054,Muxupip,0.654340439
31055,Opichén,0.601366346
31056,Oxkutzcab,0.630950609
31057,Panabá,0.618820802
31058,Peto,0.625590917
31059,Progreso,0.743557557
31060,Quintana Roo,0.595471357
31061,Río Lagartos,0.663647231
31062,Sacalum,0.605923617
31063,Samahil,0.626506332
31064,Sanahcat,0.610888138
31065,San Felipe,0.648359416
31066,Santa Elena,0.5774344
31067,Seyé,0.5688319
31068,Sinanché,0.683090745
31069,Sotuta,0.598818289
31070,Sucilá,0.648737092
31071,Sudzal,0.575275725
31072,Suma,0.625784886
31073,Tahdziú,0.410464262
31074,Tahmek,0.638078273
31075,Teabo,0.518336328
31076,Tecoh,0.626742704
31077,Tekal de Venegas,0.601424433
31078,Tekantó,0.633570747
31079,Tekax,0.638493157
31080,Tekit,0.613328137
31081,Tekom,0.580105436
31082,Telchac Pueblo,0.70075095
31083,Telchac Puerto,0.71379625
31084,Temax,0.600197413
31085,Temozón,0.586464196
31086,Tepakán,0.589845123
31087,Tetiz,0.556229035
31088,Teya,0.596697775
31089,Ticul,0.702386273
31090,Timucuy,0.537241364
31091,Tinum,0.585069232
31092,Tixcacalcupul,0.483286116
31093,Tixkokob,0.693553503
31094,Tixmehuac,0.507373931
31095,Tixpéhual,0.672078176
31096,Tizimín,0.626194357
31097,Tunkás,0.593571659
31098,Tzucacab,0.571302166
31099,Uayma,0.550991706
31100,Ucú,0.683945523
31101,Umán,0.691247277
31102,Valladolid,0.686933912
31103,Xocchel,0.56498956
31104,Yaxcabá,0.433452574
31105,Yaxkukul,0.673224651
31106,Yobaín,0.675183984
32001,Apozol,0.700212396
32002,Apulco,0.654763375
32003,Atolinga,0.645098337
32004,Benito Juárez,0.80763418
32005,Calera,0.726904174
32006,Cañitas de Felipe Pescador,0.704540376
32007,Concepción del Oro,0.705863459
32008,Cuauhtémoc,0.72990852
32009,Chalchihuites,0.702210756
32010,Fresnillo,0.736582869
32011,Trinidad García de la Cadena,0.744091505
32012,Genaro Codina,0.597049076
32013,General Enrique Estrada,0.733954532
32014,General Francisco R. Murguía,0.659104392
32015,El Plateado de Joaquín Amaro,0.554334203
32016,General Pánfilo Natera,0.627207597
32017,Guadalupe,0.795380311
32018,Huanusco,0.71007372
32019,Jalpa,0.734316868
32020,Jerez,0.774271997
32021,Jiménez del Teul,0.529893343
32022,Juan Aldama,0.720083842
32023,Juchipila,0.76307068
32024,Loreto,0.727299325
32025,Luis Moya,0.673621297
32026,Mazapil,0.57682695
32027,Melchor Ocampo,0.673634301
32028,Mezquital del Oro,0.659271497
32029,Miguel Auza,0.690815917
32030,Momax,0.744634682
32031,Monte Escobedo,0.69454188
32032,Morelos,0.728612292
32033,Moyahua de Estrada,0.697042573
32034,Nochistlán de Mejía,0.710264706
32035,Noria de Ángeles,0.626723067
32036,Ojocaliente,0.692728578
32037,Pánuco,0.691122943
32038,Pinos,0.587182322
32039,Río Grande,0.736157516
32040,Sain Alto,0.647600464
32041,El Salvador,0.582899127
32042,Sombrerete,0.664715599
32043,Susticacán,0.673947059
32044,Tabasco,0.682434136
32045,Tepechitlán,0.708807939
32046,Tepetongo,0.669112468
32047,Teúl de González Ortega,0.737561341
32048,Tlaltenango de Sánchez Román,0.692677104
32049,Valparaíso,0.664474003
32050,Vetagrande,0.695585873
32051,Villa de Cos,0.644942022
32052,Villa García,0.680417627
32053,Villa González Ortega,0.663652842
32054,Villa Hidalgo,0.642981604
32055,Villanueva,0.7200995
32056,Zacatecas,0.823923145
32057,Trancoso,0.660231546
32058,Santa María de la Paz,0.696778016